"id","rhyme_battle_id","instagram_profile_id","href","alt","timestamp","post_quantity","description","created_at","updated_at"
"C--pYZPOr-j","3","3","https://www.instagram.com/batalhadafex_/p/C--pYZPOr-j/","Photo shared by BATALHA DA FEX on August 22, 2024 tagging @s.usu__, @ynf_kane, @blackprince.og, @luazin.___, @eubrumm, and @_jeef.f. Nenhuma descriÃ§Ã£o de foto disponÃ­vel..","1724343985","1","Vamos de mais uma ediÃ§Ã£o da mais underground da ZN famÃ­lia, contamos com a presenÃ§a de geral pra fazer aquela vibe.InformaÃ§Ãµes:Modalidade: Bate e voltaData e hora: 24/08 a partir das 19hLocal: R.JosÃ© Sabino Maciel, 158-163, LagoaPremiaÃ§Ã£o: 4 lata de xeque mate pro campeÃ£o e 2 pro viceVai ter sorteio de xeque-mate pra plateia.Ã‰ isso famÃ­lia aguardamos vocÃªs nas arquibancadas pra fazer a onda com a gente.ISSO Ã‰ FEX!! ğŸ”¥ğŸ”¥Flyer: @blackprince.og","1732557051","1732557051"
"C-0Rsv_O6fq","3","3","https://www.instagram.com/batalhadafex_/p/C-0Rsv_O6fq/","Photo shared by BATALHA DA FEX on August 18, 2024 tagging @eubrumm. Nenhuma descriÃ§Ã£o de foto disponÃ­vel..","1724000385","3","QUEM Ã‰ O MAIOR CAMPEÃƒO MESMO?@eubrumm foi o grande campeÃ£o da noite de ontem, rimando muito e derrotando o mano @shakuro_emici numa final absurda. O campeÃ£o levou pra casa 3 latas de xeque-mate, um quadrinho incrÃ­vel feito pelas mÃ£os de @l.u.n.ox e @taldo.niick e confirmou sua presenÃ§a na batalha do comjuve. SatisfaÃ§Ã£o a todo mundo que colou com a gente nesse sÃ¡bado, somos extremamente gratos a todos vocÃªs, em breve voltamos com mais novidades!!Apoio: @nutrilhar @abelharte_ @a.belha_ @xequematebebidas @pedro_patrus @lagoafcofc","1732557051","1732557051"
"C-Ddsu7uEVT","3","3","https://www.instagram.com/batalhadafex_/p/C-Ddsu7uEVT/","Photo shared by BATALHA DA FEX on July 30, 2024 tagging @adrielldario, @hynoto_mc, @mineirodazn, @eubrumm, @ghost_da_cena, and @x1_dudamc. Nenhuma descriÃ§Ã£o de foto disponÃ­vel..","1722358237","1","RANKING ATUALIZADO âœ¨Ã‰ isso famÃ­lia fechamos o nosso ranking dessa forma:O primeiro lugar do pÃ³dio ficou com o nosso monstro @eubrumm que dominou as arquibancadas durante essa  temporada e vem com fome pra continuar sendo um dos maiores nomes da Zn.O segundo lugar ficou com @yclobo que mesmo parado, acumulou muitas vitÃ³rias enquanto esteve em atividade, mostrando ser um dos mais brabos que jÃ¡ tivemos por aqui.Em terceiro lugar, numa alavancada absurda, o girassol @ghost_da_cena deu um salto no ranking, e vem tendo um grande desempenho pela cidade se mostrando ser um dos melhores.MenÃ§Ãµes honrosas aos mcs que ficaram tambÃ©m entre os melhores dessa temporada que sÃ£o: @adriel_darioo , @hynoto_mc , @x1_dudamc e @mineirodazn .Com isso a gente fecha nossa temporada, essa semana daremos inÃ­cio a prÃ³xima que serÃ¡ mais insana ainda, aguardem as prÃ³ximas atualizaÃ§Ãµes!!!","1732557051","1732557051"
"C-ljPq3uiox","3","3","https://www.instagram.com/batalhadafex_/p/C-ljPq3uiox/","Photo shared by BATALHA DA FEX on August 12, 2024 tagging @s.usu__, @ynf_kane, @blackprince.og, @luazin.___, @eubrumm, @_jeef.f, @nutrilhar, @abelharte_, and @comjuvebh. Nenhuma descriÃ§Ã£o de foto disponÃ­vel..","1723501907","1","Vamos com tudo pra mais uma ediÃ§Ã£o pesada e mais do que especial. Nesse sÃ¡bado dia 17/08 teremos a nossa seletiva para a batalha do Comjuve, que vai ocorrer no dia 30/08. Se liga nas informaÃ§Ãµes:Data e hora: 17/08, a partir das 19hLocal: R. JosÃ© Sabino Maciel. 158-162, Lagoa, Belo Horizonte (campo do radiante)Modalidade: Bate e volta InscriÃ§Ãµes: 19:30 ATÃ‰ 20:30Vagas: 8 ou 16 MCsCampeÃ£o da @batalha_da12 que ocorrerÃ¡ no dia 13/08 tem vaga GARANTIDA na seletiva.Minas e monas tem vaga garantida chegando dentro do horÃ¡rio das inscriÃ§Ãµes .PremiaÃ§Ãµes: CampeÃ£o: 3 latas de xeque-mate, 1 quadrinho feito pelas brabas @l.u.n.ox e @taldo.niick e a vaga para a batalha do ComjuveVice-campeÃ£o: 3 latas de xeque-mateAlÃ©m de tudo isso teremos tambÃ©m sorteio pra plateia, muita rima boa e a vibe que sÃ³ a fex tem, acompanhem nossos stories durante a semana para mais atualizaÃ§Ãµes sobre o evento. Contamos com a presenÃ§a de todos vocÃªs, nos vemos nas arquibancadas!!Apoio: @nutrilhar @comjuvebh  @abelharte_ @xequematebebidas @pedro_patrus Flyer: @blackprince.og","1732557051","1732557051"
"C63gHLFObQQ","3","3","https://www.instagram.com/bmcxnz/p/C63gHLFObQQ/","Photo shared by ğŸ…±ğŸ…°ğŸ†ƒğŸ…°ğŸ…»ğŸ…·ğŸ…° ğŸ…³ğŸ…¾ ğŸ…¼ğŸ…¸ğŸ…½ğŸ…°ğŸ†‚ ğŸ…²ğŸ…°ğŸ…¸ğŸ†‡ğŸ…° on May 12, 2024 tagging @gohan7__, and @batalhadafex_. Nenhuma descriÃ§Ã£o de foto disponÃ­vel..","1715514893","2","SatisfaÃ§Ã£o geral que colou fez vibe ontem !Noite incrÃ­vel para todos os mcs que batalharam nessa ediÃ§Ã£o , sÃ³ batalha de alto Nivel cÃª Ã© Loko .Mas um deles tem que se destacar e o destaque dessa ediÃ§Ã£o foi ele @gohan7__ Que foi o grande campeÃ£o da noite de ontem ğŸ†Levou a tÃ£o desejada folhinha + $100 em vale compras na @goplayvendasoficial_bhz + Um copÃ£o da ADEGA DA ESQUINA â˜¢ï¸ + UM HOT DOG NA FEX + UM CORTE DE CABELO @eo_pitbull_ofc + UM MES DE INTERNET GRÃTIS ğŸ†“ E ALÃ‰M DA PREMIAÃ‡Ã•ES SOMOU PONTOS NO RANKING DA FEX (@batalhadafex_) DA BMCX e da @nutrilhar Essa ediÃ§Ã£o foi em colaboraÃ§Ã£o com a batalha da Fex.ğŸ’¥Seguimos firmes e fique ligado no nosso perfil pra ficar ligado nas prÃ³ximas ediÃ§Ãµes ğŸ”¥","1732557051","1732557051"
"C7E1DJQu2C6","3","3","https://www.instagram.com/batalhadafex_/p/C7E1DJQu2C6/","Photo shared by BATALHA DA FEX on May 17, 2024 tagging @adrielldario, @hynoto_mc, @mineirodazn, @amimdazn, @eubrumm, and @ghost_da_cena. Nenhuma descriÃ§Ã£o de foto disponÃ­vel..","1715961494","1","RANKING ATUALIZADO ğŸ”¥O atual lÃ­der do ranking da BDF Ã© o @grilfindor que foi finalista naÂ nossa Ãºltima ediÃ§Ã£o, e jÃ¡ conta com 1 tÃ­tulo na casa!Â Â O segundo lugar Ã© ocupado pelo @hynoto_mc que vem com sede buscando o pÃ³dio do ranking, com 3 pontos de diferenÃ§a do 1Â°Â colocado!Â O monstro @yclobo ocupa a terceira posiÃ§Ã£o do ranking, com um rendimento absurdo, estando apenas com 1 ponto de diferenÃ§aÂ 2Â°Â colocado!Da pontuaÃ§Ã£o:6 pontos por vitÃ³ria (ediÃ§Ã£o)3 pontos por vitÃ³ria (fase) BÃ´nus: vitÃ³ria por 2x0 (2 pontos )batalha levada para o 3Âº round ( 1 ponto para cada mc )","1732557051","1732557051"
"C7RnopIuh9R","3","3","https://www.instagram.com/batalhadafex_/p/C7RnopIuh9R/","Photo by BATALHA DA FEX in Bairro Lagoa with @s.usu__, @ynf_kane, @blackprince.og, @luazin.___, @eubrumm, @_jeef.f, @nutrilhar, @acaidcampos, @batalhasdebh, and @cleres.ink. Nenhuma descriÃ§Ã£o de foto disponÃ­vel..","1716390669","1","BORA QUE SÃBADO Ã‰ DIA DE FESTA COM A GENTE !!! SÃ¡bado Ã© dia de mais uma ediÃ§Ã£o pesada, muita rima no pente dos MCs e muita vibe de vocÃªs!!!Data: 25/05 (sÃ¡bado )HorÃ¡rio : a partir das 19:30Local : rua jose Sabino Maciel Vamos ter muita coisa incrÃ­veis e vc Ã© nosso convidado especial !!!","1732557051","1732557051"
"C7fJTmMur3Y","3","3","https://www.instagram.com/batalhadafex_/p/C7fJTmMur3Y/","Photo by BATALHA DA FEX in Bairro Lagoa with @s.usu__, @ynf_kane, @blackprince.og, @luazin.___, @eubrumm, @_jeef.f, @nutrilhar, @l.u.n.ox, @acaidcampos, @batalhasdebh, and @x1_dudamc. Nenhuma descriÃ§Ã£o de foto disponÃ­vel..","1716844530","1","QUEM Ã‰ O MAIOR CAMPEÃƒO MESMO ? !!! ğŸ”¥ğŸ”¥ğŸ”¥Mais um bang realizado da melhor forma, vibe quente , MCs na vontade de se criar um espetÃ¡culo e foi feito exatamente isso !!! @eubrumm se sagrou campeÃ£o depois de uma final intensa com a mina @x1_dudamc  e levou pra casa um aÃ§aÃ­ da @acaidcampos , uma tela impecÃ¡vel da @l.u.n.ox e mais um dogao completÃ­ssimo !!!Com essa vitÃ³ria @eubrumm soma 13 tÃ­tulos na casa e se torna agora de forma isolada o maior campeÃ£o da batalha da Fex !!!GratidÃ£o a todos que fizeram isso acontecer, e sem tempo para descanso que sÃ¡badao tem mais ğŸ”¥ğŸ”¥ğŸ”¥","1732557051","1732557051"
"C7kaLWwOi84","3","3","https://www.instagram.com/batalhadafex_/p/C7kaLWwOi84/","Photo by BATALHA DA FEX in Bairro Lagoa with @rapladonortebr, @s.usu__, @ynf_kane, @blackprince.og, @luazin.___, @eubrumm, @_jeef.f, @nutrilhar, @p.k_fashions, @pereiracompanny, @acaidcampos, and @batalhasdebh. Nenhuma descriÃ§Ã£o de foto disponÃ­vel..","1717021147","1","BORA PRA MAIS UMA EDIÃ‡ÃƒO MEU POVO !!!O seu sÃ¡bado com a gente vai tÃ¡ mais que preenchido com  muita batalha de alto nÃ­vel, sÃ³ rima de qualidade e aquela vibe que sÃ³ depende de vocÃª !E alÃ©m de tudo, VAI TÃ VALENDO 100zin !!!Dia :01/06 (sÃ¡bado )HorÃ¡rio : A partir das 19:30Modo: bate volta 16 MCs (minas e minas com vaga confirmada, alÃ©m dos 6 primeiros do nosso ranking)AGUARDAMOS TODOS VOCÃŠS ğŸ”¥ğŸ”¥ğŸ”¥ğŸ“¸- @blackprince.og","1732557051","1732557051"
"C7nEo11Oaxs","3","3","https://www.instagram.com/batalhadafex_/p/C7nEo11Oaxs/","Photo shared by BATALHA DA FEX on May 30, 2024 tagging @adrielldario, @hynoto_mc, and @eubrumm. Nenhuma descriÃ§Ã£o de foto disponÃ­vel..","1717110518","1","RANKING ATUALIZADO ğŸ”¥A prata da casa @eubrumm ocupa o pÃ³dio do ranking da BDF, somando 13 tÃ­tulos na casa ğŸ‘‘Em segundo lugar, o monstro @grilfindor se mantem firme rumo ao topo do ranking! A joia da Norte @hynoto_mc se situa na terceira posiÃ§Ã£o do ranking!Da pontuaÃ§Ã£o:6 pontos por vitÃ³ria (ediÃ§Ã£o)3 pontos por vitÃ³ria (fase) BÃ´nus: vitÃ³ria por 2x0 (2 pontos )batalha levada para o 3Âº round ( 1 ponto para cada mc )","1732557051","1732557051"
"C7xbHicujCv","3","3","https://www.instagram.com/batalhadafex_/p/C7xbHicujCv/","Photo by BATALHA DA FEX in Bairro Lagoa with @s.usu__, @ynf_kane, @blackprince.og, @luazin.___, @eubrumm, @_jeef.f, @phn_pimenta, @nutrilhar, @batalhasdebh, and @yclobo. Nenhuma descriÃ§Ã£o de foto disponÃ­vel..","1717457848","1","Noite linda nas nossas arquibancadas !!! ğŸ”¥Mais um bang finalizado, noite incrÃ­vel com muita rima e a vibe de lei que tem que ter !!!@yclobo saiu campeÃ£o numa final fervorosa com a @x1_dudamc e saiu com 100zin no pix !!!SÃ³ forÃ§a a geral que fez o bang acontecer , vcs sÃ£o incrÃ­veis ğŸ”¥â™¥ï¸","1732557051","1732557051"
"C84TfPnuyrN","5","5","https://www.instagram.com/_batalhadocoreto_/p/C84TfPnuyrN/","Photo by Batalha Do Coreto in PraÃ§a De JustinÃ³polis with @o_karmardn, @espelunca4i20, @_jack_stickers, @dennissousreserva, @1998_records, and @solovernb. Nenhuma descriÃ§Ã£o de foto disponÃ­vel..","1719936181","1","BATALHA DO CORETO ğŸ”¥ MODO: Bate e Volta/individual 4 Mc's Confirmados + 4 vagas para sorteio ğŸPremiaÃ§Ã£o:@_batalhadocoreto_1Âª Peita de Frio Braba ğŸ”¥ 10 Pontos no Ranking Vaga Garantida na PrÃ³xima ediÃ§Ã£o @solovernb 1 Par de Offs para o evento Save the date(TRAP SOUL) do Dia 18/07ğŸ”¥@o_karmardn 1 Ensaio fotogrÃ¡fico Brabo ğŸ”¥@l.u.n.oxFolhinha BDCMestre de CerimÃ´nia@dennissousreservaâ°HorÃ¡rio: 19:30 horas(InscriÃ§Ãµes atÃ©  as 20:00) apÃ³s esse horÃ¡rioa lista fecha | 20:10h a Batalha comeÃ§a,Mc's por favor nn atrasarem ğŸ“Local:Av.Denise Cristina da Rocha,nâ°4476,PraÃ§a do Justinopolis ğŸ”¥ NÃ£o deixem de nos seguir aqui no insta e nos marcar nos posts e stories! @_batalhadocoreto_ğŸ“¸Explana pra geral chama os amigosğŸ¶","1732557189","1732557189"
"C84xIBROCga","3","3","https://www.instagram.com/batalhadafex_/p/C84xIBROCga/","Photo shared by BATALHA DA FEX on July 01, 2024 tagging @ynf_kane, @eubrumm, @gohan7__, and @ghost_da_cena. Nenhuma descriÃ§Ã£o de foto disponÃ­vel..","1719851915","2","ELE FEZ DENOVO!!!O girassol @ghost_da_cena nÃ£o cansa de ganhar, pela segunda semana seguida saindo campeÃ£o e demonstrando que nÃ£o estÃ¡ de brincadeira. Numa final acirrada e de alto nÃ­vel contra o monstro @gohan7__ , Guss levou a melhor e levou pra casa 6 latas da bebida Xeque-Mate e um quadro absurdo feito pelas mÃ£os da braba @l.u.n.ox .Ã‰ isso famÃ­lia, gratidÃ£o geral que esteve e sempre estÃ¡ presente com a gente nas arquibancadas fazendo o bang acontecer. A premiaÃ§Ã£o sÃ³ foi possÃ­vel graÃ§as ao apoio da @xequematebebidas juntamente com @pedro_patrus .Voltamos dia 13/07 com a mais underground da ZN. ğŸ”¥â¤ï¸","1732557051","1732557051"
"C85KZT5PXnC","5","5","https://www.instagram.com/_batalhadocoreto_/p/C85KZT5PXnC/","Photo shared by Batalha Do Coreto on July 01, 2024 tagging @hynoto_mc, @espelunca4i20, @_jack_stickers, @1998_records, and @solovernb. Nenhuma descriÃ§Ã£o de foto disponÃ­vel..","1719865000","4","TÃ¡ na Pista FamÃ­lia os 4 Primeiros Mc's Confirmados para nossa PrÃ³xima ediÃ§Ã£o ğŸ”¥@hynoto_mc Brabo da ZN atual campeÃ£o Da BDC e maior campeÃ£o Com 20 tÃ­tulos BDC,Vem com tudo atrÃ¡s de Mais um tÃ­tulo ğŸ”¥@tjmc_031  Brabo da RegiÃ£o central de Neves jÃ¡ confirmou presenÃ§a na PrÃ³xima BDC,com um desempenho foda na Ãºltima ediÃ§Ã£o o brabo vem atrÃ¡s do seu 1â° tÃ­tulo BDC ğŸ”¥@caet_zzz Diretamente do @rapdocachoeira o brabo vem para sua 1Âª ediÃ§Ã£o da BDC o brabo jÃ¡ prometeu entregar o melhor do Freestyle,e tbm promete da Mu trabalho para seus AdversÃ¡rios ğŸ”¥ @nbabilzetis7  o Brabo tÃ¡ na Casa 1Âª vez rimando na casa o Brabo promete dar muito trabalho a seus adversÃ¡rios o homi vem com tudo e promete levar a folhinha da BDC pra casa ğŸ”¥APOIO:@espelunca4i20 @_jack_stickers @solovernb @o_karmardn @l.u.n.ox","1732557189","1732557189"
"C87TXAPuWlA","5","5","https://www.instagram.com/_batalhadocoreto_/p/C87TXAPuWlA/","Photo shared by Batalha Do Coreto on July 02, 2024 tagging @rfwinter_. Nenhuma descriÃ§Ã£o de foto disponÃ­vel..","1719936808","5","Vamos Deixar alguns momentos BDC aqui pra lembra geral que AmanhÃ£ Ã© dia de Batalha do Coreto a +Braba da ZN ğŸ”¥","1732557189","1732557189"
"C8Z1XAvu0-4","3","3","https://www.instagram.com/batalhadafex_/p/C8Z1XAvu0-4/","Photo shared by BATALHA DA FEX on June 19, 2024 tagging @s.usu__, @ynf_kane, @blackprince.og, @luazin.___, @eubrumm, and @_jeef.f. Nenhuma descriÃ§Ã£o de foto disponÃ­vel..","1718813784","1","CES TÃƒO PRONTO PRA PRÃ“XIMA??Ã‰ isso rapaziada ficamos sem fex por 2 semanas entÃ£o nada mais justo do que vir com forÃ§a total pra prÃ³xima ediÃ§Ã£o, contamos com a presenÃ§a de geral pra fazer uma vibe sinistra nas arquibancadas do Lagoa nesse sabado.INFORMAÃ‡Ã•ES:Data: 22/06HorÃ¡rio: 19:30 (INSCRIÃ‡Ã•ES ATÃ‰ NO MÃXIMO 20:30)Modalidade: 45 segundos16 vagas pra sorteio, minas e monas tem vaga garantida chegando no horÃ¡rioVai estar valendo vaga na primeira ediÃ§Ã£o da @batalhadagaiola , mais premiaÃ§Ã£o em dinheiro.A meta Ã© quebrar tudo e fazer o melhor evento possÃ­vel pra vocÃªs, contamos com a presenÃ§a de geral.ISSO Ã‰ FEX!!! ğŸ”¥ğŸ”¥ğŸ¥‡","1732557051","1732557051"
"C8ms9AauN0c","3","3","https://www.instagram.com/batalhadafex_/p/C8ms9AauN0c/","Photo shared by BATALHA DA FEX on June 24, 2024 tagging @ghost_da_cena. Nenhuma descriÃ§Ã£o de foto disponÃ­vel..","1719245584","2","O GIRASSOL TRIUNFOU MAIS UMA VEZ!!!  Numa noite de muita rima, @ghost_da_cena dominou as arquibancadas, fez um show de freestyle e levou a melhor numa final incrÃ­vel contra a braba @kety.mc.  O campeÃ£o levou pra casa 6 latas de Xeque-Mate, 60 reais no pix, uma folhinha da braba @_c4roline.v , e vaga na primeira ediÃ§Ã£o da @batalhadagaiola . A vice campeÃ£ nÃ£o saiu de mÃ£os abanando e tambÃ©m levou pra casa 3 latas de Xeque-mate.Teve tambÃ©m sorteio de 3 latas de Xeque-mate pra plateia, e tudo sÃ³ foi possÃ­vel graÃ§as ao apoio da @xequematebebidas juntamente com @pedro_patrus . Agradecemos o apoio e a presenÃ§a de geral, tamo chegando cada vez mais pesado, sÃ¡bado que vem tem mais!!!ISSO Ã‰ FEX âœ¨ğŸ”¥","1732557051","1732557051"
"C8pJnTau7kD","5","5","https://www.instagram.com/_batalhadocoreto_/p/C8pJnTau7kD/","Photo shared by Batalha Do Coreto on June 25, 2024 tagging @isahrainbow, @tutii_letters, @taldo.niick, @triboprimata, @eogwalker, @l.u.n.ox, @ph21_mdc, @espelunca4i20, @sembrava031, and @vistakodara. Nenhuma descriÃ§Ã£o de foto disponÃ­vel..","1719327719","2","TÃ¡ na Pista famÃ­lia + 2 Duplas Confirmadas ğŸ”¥ VCS estÃ£o preparados para o Retorno da Braba Da ZN, Trazendo o melhor do Puro Freestyle? Pega essa duplağŸ”¥ Cola geral q a Zona norte Vai ficar pequena dia 26/0611Âª DUPLA CONFIRMADA:@eogwalker Brabo vem pela 1Âª vez na BDC, promete entrega o melhor do Puro freestyle,o homi vem preparado para buscar sua 1Âª filhinha BDC ğŸ”¥@ph21_mdc Pra completar essa dupla Monstra o brabo das Batalhas da RegiÃ£o central tbm confirmou PresenÃ§a na BDC do dia 26/06 Colando pela 1Âª ele vem com tudo em busca da sua 1Âª folhinha BDCğŸ”¥12Âª DUPLA CONFIRMADA @kety.mc  dispensa apresentaÃ§Ãµes a Braba Da ZN confirmou sua presenÃ§a no dia 26/06 trazendo o puro suco do Freestyle,ela q jae 3 vezes campeÃ£ BDC Vem atrÃ¡s Da sua 4Âª Folhinha ğŸ”¥@italouco13 Pra completar essa dupla Braba vem ele o Brabo da Zn tbm confirmou sua presenÃ§a 1 vez campeÃ£o da BDC,vem atrÃ¡s do seu segundo TÃ­tulo,o casal promete quebrar Tudo,e levar a folhinha para casa ğŸ”¥Apoio:@espelunca4i20@triboprimata@l.u.n.ox@taldo.niick@sun.photographx@tutii_letters@vistakodara@sembrava031 @isahrainbow","1732557189","1732557189"
"C8rU2Jcut4u","5","5","https://www.instagram.com/_batalhadocoreto_/p/C8rU2Jcut4u/","Photo shared by Batalha Do Coreto on June 26, 2024 tagging @isahrainbow, @tutii_letters, @taldo.niick, @triboprimata, @togau_, @l.u.n.ox, @eo_hyrochi, @espelunca4i20, @sembrava031, @vistakodara, and @sun.photographx. Nenhuma descriÃ§Ã£o de foto disponÃ­vel..","1719400717","2","TÃ¡ na Pista famÃ­lia + 2 Duplas Confirmadas ğŸ”¥ E HOJEEEEEEEEEEğŸš€ğŸš€ğŸš€ğŸš€ğŸš€ğŸš€ğŸš€ğŸš€VCS estÃ£o preparados para o Retorno da Braba Da ZN, Trazendo o melhor do Puro Freestyle? Pega essa duplağŸ”¥ Cola geral q a Zona norte Vai ficar pequena dia 26/0612Âª DUPLA CONFIRMADA:@eo_hyrochi  o Brabo de Neves diretamente das Ruas da RegiÃ£o central de Neves o Homi estÃ¡ de volta e jÃ¡ deixou bem claro que nÃ£o sairÃ¡ da Batalha sem sua 1Âª Folhinha BDCğŸ”¥@togau_  para completar essa dupla pesada tbm das Ruas Centrais de Neves o Brabo vem para sua 1Âª BDC prometendo entrega o Melhor do puro Freestyle ğŸ”¥14Âª DUPLA CONFIRMADA @bjunnior_1  isso mesmo famÃ­lia o homi tÃ¡ de volta na Casa,e tÃ¡ vindo em busca da sua 1Âª folhinha BDC, prometendo dar muito trabalho para seus AdversÃ¡rios ğŸ”¥@marquesdarima Pra Completar essa Dupla Pesada Pela 1Âª vez na BDC o Brabo vem com tudo para entregar o melhor do puro FreestyleğŸ”¥Apoio:@espelunca4i20@triboprimata@l.u.n.ox@taldo.niick@sun.photographx@tutii_letters@vistakodara@sembrava031@isahrainbow","1732557189","1732557189"
"C8sdGmHO3Vn","3","3","https://www.instagram.com/batalhadafex_/p/C8sdGmHO3Vn/","Photo shared by BATALHA DA FEX on June 26, 2024 tagging @s.usu__, @ynf_kane, @blackprince.og, @luazin.___, @eubrumm, and @_jeef.f. Nenhuma descriÃ§Ã£o de foto disponÃ­vel..","1719438600","1","E pra fechar o mÃªs com excelÃªncia, vamo pra mais uma ediÃ§Ã£o da BDF!!! A Ãºltima ediÃ§Ã£o foi linda e a gente conta com a presenÃ§a de geral pra fazer o triplo de vibe nesse prÃ³ximo sÃ¡bado dia 29/06, vamo tremer as arquibancadas igual jogo de vÃ¡rzea.  O modo vai ser 45 segundos, minas e monas tem vaga garantida chegando dentro do horÃ¡rio, as inscriÃ§Ãµes comeÃ§arÃ£o a partir das 19:30.As premiaÃ§Ãµes serÃ£o divulgadas durante a semana nos stories, fiquem de olho pra nÃ£o perder o que aprontaremos esse fim de semana. Contamos com a presenÃ§a de geral.ISSO Ã‰ FEX!! ğŸ”¥ğŸ”¥ğŸ”¥","1732557051","1732557051"
"C8vMCZVudOI","5","5","https://www.instagram.com/_batalhadocoreto_/p/C8vMCZVudOI/","Photo shared by Batalha Do Coreto on June 27, 2024 tagging @isahrainbow, @hynoto_mc, @bpoetico, @tutii_letters, @taldo.niick, @triboprimata, @l.u.n.ox, @espelunca4i20, @sembrava031, @vistakodara, and @sun.photographx. Nenhuma descriÃ§Ã£o de foto disponÃ­vel..","1719530549","7","E isso famÃ­lia com vc's a Dupla campeÃ£ do Retorno da BDC do dia 26/06 @hynoto_mc q acaba de completar sua 20Âª vitÃ³ria na BDC e @bpoetico q Vem na cola completando sua 15Âª vitÃ³ria na BDC sendo assim o 2â° maior CampeÃ£o da BDC,em uma final monstra contra @eubrumm e @amim__44  outra dupla q se destacou muito nessa ediÃ§Ã£o ğŸ”¥ğŸ“¸:@sun.photographxAgradecimentos:@espelunca4i20 @triboprimata @vistakodara @tutii_letters @sembrava031 @isahrainbow @l.u.n.ox @taldo.niick","1732557189","1732557189"
"C8wyEwOuzai","5","5","https://www.instagram.com/_batalhadocoreto_/p/C8wyEwOuzai/","Photo by Batalha Do Coreto in PraÃ§a De JustinÃ³polis with @dennissousreserva. Nenhuma descriÃ§Ã£o de foto disponÃ­vel..","1719584825","1","E Isso famÃ­lia, Sejam muito Bem vindos ao novo ciclo BDC,com isso trazemos nossa primeira novidade aqui,nossa nova logo, diferente das outras trazemos agora uma persona q irÃ¡ nos representar aqui ğŸ”¥ Decidimos nos aventura em coisas novas como cores,formato de logo diferente,nosso desejo e trazer algo q possa se torna nossa identidade,desde jÃ¡ agradecemos a todos q votaram na enquete e gostaram muito dessa nova logo. AGUARDEM NOVIDADES ğŸ”¥PROD:@dennissousreserva","1732557189","1732557189"
"C8xyYFXJduI","5","5","https://www.instagram.com/sun.photographx/p/C8xyYFXJduI/","Photo shared by Fotografia - RibeirÃ£o das Neves on June 28, 2024 tagging @_batalhadocoreto_. Nenhuma descriÃ§Ã£o de foto disponÃ­vel..","1719683675","10","â€¢ BATALHA DO CORETO - O RETORNO â€¢ 26.06.2024","1732557189","1732557189"
"C8zqJmOu5lC","5","5","https://www.instagram.com/_batalhadocoreto_/p/C8zqJmOu5lC/","Photo by Batalha Do Coreto on June 29, 2024. Nenhuma descriÃ§Ã£o de foto disponÃ­vel..","1719680322","6","E Assim EstÃ¡ aberto nosso Ranking de 2024 Fique atento a nossas novas regras e como funcionara as PontuaÃ§Ãµes desse Ano,na Ãšltima pÃ¡gina tem uma surpresa ğŸ«¢ğŸ”¥","1732557189","1732557189"
"C941ediAKcv","3","3","https://www.instagram.com/batalhadamatrizznbhoficial/p/C941ediAKcv/","Photo by Batalha Da Matriz ZN BH in Zona Norte Bh with @rapladonortebr, @realgrapixo, @pedro_patrus, @amimdazn, @pixainhiphop, @bravantedistribuidora, @batalhadafex_, @stonelightdrinks, and @deponta_shop. Nenhuma descriÃ§Ã£o de foto disponÃ­vel..","1722001516","1","12Â°Mc Confirmado na #bdmznbh seletiva do @duelonacional diretamente da @batalhadafex_ O brabo@amim__44 RealizaÃ§Ã£o @rapladonortebr @familia_de_rua Apoio @stonelightdrinks @pixainhiphop @casadabrisadistribuidora @mdc.recordss @dadosdrinks @realgrapixo @piconortebh @pedro_patrus @xequematebebidas @batalhasdebh#rapladonortebr #rapnacional #trapmg #znbh","1732557051","1732557051"
"C9AWl_SuNPf","5","5","https://www.instagram.com/_batalhadocoreto_/p/C9AWl_SuNPf/","Photo by Batalha Do Coreto in PraÃ§a De JustinÃ³polis with @enoisja1zn, @espelunca4i20, @_jack_stickers, @dennissousreserva, and @solovernb. Nenhuma descriÃ§Ã£o de foto disponÃ­vel..","1720106276","1","E isso famÃ­lia,Q bang Lindo ontem de vdd,O Grande campeÃ£o da noite foi ele @enoisja1zn em uma final monstra contra o Brabo @hynoto_mc  q batalha famÃ­lia agrademos a presenÃ§a de geral agradecemos a @solovernb q tbm deixou a batalha forte com um par de ingressos para seu prÃ³ximo evento (Trap Soul) para o CampeÃ£o ğŸ”¥Agradecemos tbm a @l.u.n.ox por ter fortalecido a batalha com uma folhinha Monstra ğŸ”¥ğŸ”¥","1732557189","1732557189"
"C9H9uk4ObzT","5","5","https://www.instagram.com/_batalhadocoreto_/p/C9H9uk4ObzT/","Photo by Batalha Do Coreto in PraÃ§a De JustinÃ³polis with @enoisja1zn, @s.usu__, @hynoto_mc, @luazin.___, @notoriusboard, @yangx.ofc, @eo_hyrochi, @shakuro_emici, @enjoei_deprensado, @dennissousreserva, and @_sr_maui. Nenhuma descriÃ§Ã£o de foto disponÃ­vel..","1720361675","1","SÃ³ agradece a geral q esteve presente na Ãºltima ediÃ§Ã£o,q bang lindo famÃ­liağŸ”¥E nn se esqueÃ§a Quarta-feira tem mais ğŸ”¥ğŸ«¡","1732557189","1732557189"
"C9LdBLJuZed","3","3","https://www.instagram.com/batalhadafex_/p/C9LdBLJuZed/","Photo shared by BATALHA DA FEX on July 08, 2024 tagging @rapladonortebr, @s.usu__, @ynf_kane, @blackprince.og, @luazin.___, @eubrumm, @_jeef.f, and @duelonacional. Nenhuma descriÃ§Ã£o de foto disponÃ­vel..","1720479943","1","PRÃ‰ SELETIVA REGIONAL NA BDF!!Ã‰ isso famÃ­lia cem esse sÃ¡bado dia 13 vai rolar a nossa prÃ© seletiva regional, e garantimos pra vocÃªs, vai ser HISTÃ“RICO!! AlÃ©m da vaga pro regional, o campeÃ£o tambÃ©m vai voltar forte pra casa com um tÃªnis da @isekaishoes , 4 latas de xeque-mate, um cachorro quente da @hotdog_dapaula e outras premiaÃ§Ãµes surpresa.InformaÃ§Ãµes:Dia 13/07InscriÃ§Ãµes atÃ© as 20h8 ou 16 MCs Minas e monas tem 25 % das vagas confirmadas Vaga para seletiva regional da zona norte.Em breve soltaremos quem sÃ£o os grandes jurados da noite. Cola com a gente que nÃ³s prometemos a vocÃªs uma noite histÃ³rica!!!Flyer: @blackprince.og","1732557051","1732557051"
"C9N2pouuuob","5","5","https://www.instagram.com/_batalhadocoreto_/p/C9N2pouuuob/","Photo shared by Batalha Do Coreto on July 09, 2024 tagging @tani.ink_tattoo, @espelunca4i20, @_jack_stickers, and @dennissousreserva. Nenhuma descriÃ§Ã£o de foto disponÃ­vel..","1720559291","1","BATALHA DO CORETO ğŸ”¥ MODO: 30 segundos /individual 16 vagas para sorteio ğŸ”¥ Mc's com vaga Garantida:1â°lugar no Ranking @hynoto_mc2â° lugar no ranking @bpoetico@enoisja1zn3â° lugar do ranking @amim__44@eubrummğŸPremiaÃ§Ã£o:@_batalhadocoreto_ 10 Pontos no Ranking Vaga Garantida na ediÃ§Ã£o especial @stanley.ink_ /@tutii_lettersTattoo no valor de 200$Mestre de CerimÃ´nia@dennissousreservaâ°HorÃ¡rio: 19:30 horas(InscriÃ§Ãµes atÃ©  as 20:00) apÃ³s esse horÃ¡rioa lista fecha | 20:10h a Batalha comeÃ§a,Mc's por favor nn atrasarem ğŸ“Local:Av.Denise Cristina da Rocha,nâ°4476,PraÃ§a do Justinopolis ğŸ”¥ NÃ£o deixem de nos seguir aqui no insta e nos marcar nos posts e stories! @_batalhadocoreto_ğŸ“¸Explana pra geral chama os amigosğŸ¶","1732557189","1732557189"
"C9QZo85ycb0","3","3","https://www.instagram.com/batalhadafex_/p/C9QZo85ycb0/","Photo shared by BATALHA DA FEX on July 10, 2024 tagging @monge73_, @familia_de_rua, @rapladonortebr, @nutrilhar, @duelonacional, and @amazonita_prod. Nenhuma descriÃ§Ã£o de foto disponÃ­vel..","1720676799","1","JURADOS DA NOITEGrafiteiro, MC, hip hopper, palestrante, produtor de conteÃºdo, criador da batalha griot, em resumo, um dos maiores mestres da cultura hip hop do Brasil. Mais de 20 anos de hip hop e uma infinidade de projetos e feitos ao longo dos anos, @monge73_ vem para ser nosso grande jurado na prÃ© seletiva regional de sÃ¡bado.Mulher, negra, produtora cultural, executiva e artÃ­stica, gestora cultural, mestre de cerimÃ´nia, fundadora da Nutrilhar, nÃ£o existem adjetivos que definem essa mulher, umas das maiores referÃªncias que temos na cena de BH. @amazonita_prod chega com toda sua experiÃªncia para ser nossa grande jurada na prÃ© seletiva regional de sÃ¡bado.Carregou aÃ­?? Nosso time tÃ¡ fechado e pronto pra fazer mais uma ediÃ§Ã£o histÃ³rica, MCs, venham preparados. Contamos com a presenÃ§a de geral, nos vemos nas arquibancadas!!!","1732557051","1732557051"
"C9VBq3KO8yM","5","5","https://www.instagram.com/_batalhadocoreto_/p/C9VBq3KO8yM/","Photo by Batalha Do Coreto in PraÃ§a De JustinÃ³polis with @kety.mc, @tani.ink_tattoo, and @batalhadafex_. Nenhuma descriÃ§Ã£o de foto disponÃ­vel..","1720799949","1","E isso mesmo famÃ­lia demorou um pouco mais tÃ¡ na pista a campeÃ£ da nossa Ãºltima ediÃ§Ã£o do dia 10/03 foi a Braba da ZN ela mesmo @kety.mc em uma final monstra com o Brabo da @batalhadafex_  ele mesmo @luazin.___ q tbm Rimou muito,a Braba ganhou uma tattoo no valor de 200$ q os brabos @stanley.ink_ /@tutii_letters deixaram forte.","1732557189","1732557189"
"C9XkVBaucvh","5","5","https://www.instagram.com/_batalhadocoreto_/p/C9XkVBaucvh/","Photo by Batalha Do Coreto in PraÃ§a De JustinÃ³polis with @isahrainbow, @deu_ondaloja, @l.u.n.ox, @espelunca4i20, @_jack_stickers, @rfwinter_, @dennissousreserva, and @solovernb. Nenhuma descriÃ§Ã£o de foto disponÃ­vel..","1720965347","1","BATALHA DO CORETO ğŸ”¥ESQUENTA PARA EDIÃ‡ÃƒO ESPECIAL BDC ğŸ”¥ MODO: Bate e Volta /individual 12 MC's Confirmados 4 vagas para sorteio ğŸ”¥ ğŸPremiaÃ§Ã£o:@_batalhadocoreto_ 10 Pontos no Ranking Vaga Garantida na ediÃ§Ã£o especial @isahrainbow1Âª Tattoo no valor de 300$@deu_ondaloja1Âª Peita Oversized Braba @rfwinter_1 Cinzeiro Personalizado 1 IncensÃ¡rio Personalizado @o_karmardn1 ensaio fotogrÃ¡fico @l.u.n.oxFolhinha BDC ğŸ”¥ Mestre de CerimÃ´nia@dennissousreservaâ°HorÃ¡rio: 19:30 horas(InscriÃ§Ãµes atÃ©  as 20:00) apÃ³s esse horÃ¡rioa lista fecha | 20:10h a Batalha comeÃ§a,Mc's por favor nn atrasarem ğŸ“Local:Av.Denise Cristina da Rocha,nâ°4476,PraÃ§a do Justinopolis ğŸ”¥ NÃ£o deixem de nos seguir aqui no insta e nos marcar nos posts e stories! @_batalhadocoreto_ğŸ“¸Explana pra geral chama os amigosğŸ¶","1732557189","1732557189"
"C9ab9T6uONO","5","5","https://www.instagram.com/_batalhadocoreto_/p/C9ab9T6uONO/","Photo shared by Batalha Do Coreto on July 14, 2024 tagging @hynoto_mc. Nenhuma descriÃ§Ã£o de foto disponÃ­vel..","1720981579","2","E isso mesmo famÃ­lia,tÃ¡ na pista os dois Primeiros Mc's Confirmados para o esquenta da ediÃ§Ã£o especial ğŸ”¥ 1Âº MC CONFIRMADO ğŸ”¥@hynoto_mc LÃ­der do Ranking BDC e Maior campeÃ£o BDC com 20 tÃ­tulos,ele vem com tudo para essa ediÃ§Ã£o prometendo levar sua 21Âª Folhinha BDC se Mantendo como maior campeÃ£o absoluto BDC ğŸ”¥2Âº MC CONFIRMADO @ghost_da_cena ğŸŒ» monstro das Batalhas da RegiÃ£o central confirmou PresenÃ§a na casa 2 vez q colara na casa na 1Âª vez q colou saiu como vice campeÃ£o, agora ele retorna prometendo entrega o melhor do Freestyle,e leva sua 1Âª folhinha BDC para casa ğŸ”¥APOIO:@deu_ondaloja @_jack_stickers @espelunca4i20 @rfwinter_ @o_karmardn @solovernb","1732557189","1732557189"
"C9clOPpuUfP","5","5","https://www.instagram.com/_batalhadocoreto_/p/C9clOPpuUfP/","Photo shared by Batalha Do Coreto on July 15, 2024 tagging @young.banksy. Nenhuma descriÃ§Ã£o de foto disponÃ­vel..","1721054577","3","Bora de mais confirmados para Quarta-feira? ğŸ”¥Comenta oq achou desses brabos ğŸ”¥3Âº confirmado @young.banksy o monstro da GastaÃ§Ã£o a casa torna 2 vezes campeÃ£o da BDC o Brabo retorna com tudo para buscar sua 3 folhinha ğŸ”¥4Âº confirmado @bjunnior_1 o brabo do @rapdocachoeira jÃ¡ esteve na casa vÃ¡rias vezes protagonizou vÃ¡rias Batalhas brabas na BDC,tÃ¡ vindo com tudo atrÃ¡s da sua 1Âª folhinha BDC ğŸ”¥ 5Âº confirmado @marquesdarima o brabo estÃ¡ de volta na casa e sua segunda vez na casa,onde na ediÃ§Ã£o de retorno da BDC ele colou e protagonizou a melhor Batalha da noite contra nosso maior campeÃ£o,o brabo retorna a casa atrÃ¡s da sua 1Âª folhinha BDC ğŸ”¥APOIO:@espelunca4i20 @deu_ondaloja @isahrainbow @rfwinter_ @o_karmardn @_jack_stickers @solovernb@l.u.n.ox","1732557189","1732557189"
"C9fGmUsu8lw","5","5","https://www.instagram.com/_batalhadocoreto_/p/C9fGmUsu8lw/","Photo shared by Batalha Do Coreto on July 16, 2024 tagging @eaespratzz. Nenhuma descriÃ§Ã£o de foto disponÃ­vel..","1721138078","4","Ã‰ isso mesmo famÃ­lia,tÃ¡ na pista +4 mc's confirmados para o esquenta de amanhÃ£ ğŸ”¥ 6Âº MC CONFIRMADO @eaespratzz Diretamente das Ruas de SÃ£o Paulo,para ZN de BH o Brabo confirmou PresenÃ§a certa na casa pela primeira vez o Brabo vem deixar umas Barras na BDC e promete levar sua 1Âª Folhinha BDC Para SP ğŸ”¥7Âº MC CONFIRMADO@nobert_90 ele q Faz parte da Nova geraÃ§Ã£o o menor mais invocado da @clandestina031bh  confirmar presenÃ§a na casa pela segunda vez o brabo Promete da muito trabalho para seus AdversÃ¡rios e promete buscar sua 1Âª folhinha BDC ğŸ”¥ 8Âº MC CONFIRMADO @tjmc_031 o Brabo da RegiÃ£o de Neves tbm confirmou PresenÃ§a na casa,vem com tudo para garantir sua 1Âª Folhinha BDC ğŸ”¥9Âº MC CONFIRMADO @rickzinmc o Brabo das Batalhas da regiÃ£o central de BH tbm confirmou PresenÃ§a pela segunda vez na casa,jÃ¡ mandou avisa q vai da muito trabalho para seus AdversÃ¡rios e que vai levar a folhinha BDC para casa ğŸ”¥ APOIO:@deu_ondaloja @isahrainbow @o_karmardn @rfwinter_ @espelunca4i20 @solovernb @_jack_stickers","1732557189","1732557189"
"C9fJF-iuy-W","3","3","https://www.instagram.com/batalhadafex_/p/C9fJF-iuy-W/","Photo shared by BATALHA DA FEX on July 16, 2024 tagging @amimdazn. Nenhuma descriÃ§Ã£o de foto disponÃ­vel..","1726701430","4","AMIM NO REGIONAL ZONA NORTE!!!Noite incrÃ­vel, casa cheia, numa chave difÃ­cil e com confrontos acirrados, @amim__44 levou a melhor numa final pesada contra o mano @lilsab_031 e garantiu sua vaga no regional zn. AlÃ©m da vaga, o campeÃ£o tambÃ©m levou pra casa: Uma peita da @pereiracompanny , 1 cachorro quente da @hotdog_dapaula , 4 latas da bebida xeque-mate e 100 reais. O vice tambÃ©m nÃ£o saiu de mÃ£os abanando e levou pra casa 50 reais, 2 latas de xeque-mate e um aÃ§aÃ­ da @acaidcampos .Essa batalha contou com o apoio da @xequematebebidas juntamente com @pedro_patrus . GratidÃ£o a todo mundo que esteve com a gente mas arquibancadas esse sÃ¡bado, nos vemos em breve em mais uma ediÃ§Ã£o foda!!!","1732557051","1732557051"
"C9hvAoUOUnk","5","5","https://www.instagram.com/_batalhadocoreto_/p/C9hvAoUOUnk/","Photo shared by Batalha Do Coreto on July 17, 2024 tagging @enoisja1zn. Nenhuma descriÃ§Ã£o de foto disponÃ­vel..","1721231109","6","E isso famÃ­lia tÃ¡ na pista os Ãºltimos 5 confirmados para o esquenta BDC de HOJEEEEEE ğŸ”¥ 10Âº MC CONFIRMADO @enoisja1zn isso MSM famÃ­lia o brabo da ZN tÃ¡ confirmado para no ediÃ§Ã£o de hoje 5 vezes campeÃ£o BDB o Brabo vem atrÃ¡s da sua 6 folhinha BDC ğŸ”¥ 11Âº MC CONFIRMADO @luazin.___ e isso famÃ­lia o brabo da @batalhadafex_ tbm confirmou PresenÃ§a na BDC de Hj tbm 2 vezes campeÃ£o BDC o Brabo vem atrÃ¡s da sua 3Âª Folhinha BDC ğŸ”¥ 12Âº @_riosbh Ã© isso famÃ­lia pela 1Âª vez na casa diretamente das Batalhas centrais de BH para ZN o brabo tÃ¡ na casa prometendo entrega muita Rima Boa ğŸ”¥13Âº MC CONFIRMADO @lksilvamc Diretamente das Batalhas da RegiÃ£o central de Neves o Brabo pela 1Âª vez confirmar presenÃ§a na ediÃ§Ã£o de hoje o homi vem com tudo e promete levar sua 1Âª folhinha BDC ğŸ”¥ 14Âº MC CONFIRMADO @eo_hyrochi diretamente das Batalhas centrais de Neves o Brabo Marca presenÃ§a na casa de novo o homi vem com tudo correndo atrÃ¡s da sua 1Âª folhinha BDC ğŸ”¥ 15Âº MC CONFIRMADO @tonin_unico Ã‰ isso MSM famÃ­lia pela primeira vez na casa o brabo vem com tudo prometendo entrega o melhor do Freestyle ğŸ”¥APOIO:@espelunca4i20@deu_ondaloja@_jack_stickers @solovernb @o_karmardn @rfwinter_ @l.u.n.ox","1732557189","1732557189"
"C9iLM8auUlE","5","5","https://www.instagram.com/_batalhadocoreto_/p/C9iLM8auUlE/","Photo by Batalha Do Coreto in PraÃ§a De JustinÃ³polis with @isahrainbow, @davienomc, @taldo.niick, @o_karmardn, @deu_ondaloja, @duelonacional, @l.u.n.ox, @espelunca4i20, @_jack_stickers, @rfwinter_, and @solovernb. Nenhuma descriÃ§Ã£o de foto disponÃ­vel..","1721241155","1","Pra Fechar com chave de ouro os mc's confirmados @davienomc isso mesmo famÃ­lia ele q no ano Passado disputou o @duelonacional representando o estado dele Roraima confirmou PresenÃ§a na casa pela 1Âª na casa o homi promete deixa vÃ¡rias barras e tbm levar a sua 1Âª folhinha BDC para casa ğŸ”¥ APOIO:@espelunca4i20 @deu_ondaloja @_jack_stickers @solovernb @isahrainbow @l.u.n.ox @taldo.niick @o_karmardn @rfwinter_","1732557189","1732557189"
"C9ilBgHOPOw","3","3","https://www.instagram.com/batalhadafex_/p/C9ilBgHOPOw/","Photo by BATALHA DA FEX in Bairro Lagoa. Nenhuma descriÃ§Ã£o de foto disponÃ­vel..","1721255115","1","SÃBADO SEU COMPROMISSO Ã‰ COM A GENTE !!!Bora pra mais uma ediÃ§Ã£o de muita rima na envolvÃªncia, do jeito que sÃ³ a gente sabe proporcionar !Data: 20/07 (sÃ¡bado agora)HorÃ¡rio : a partir das 19:30 (minas e monas tem vaga garantida)Modo : bate volta  Vai ter premiaÃ§Ãµes, muita rima e aquela vibe que sÃ³ a batalha mais quente da zn te proporciona, sÃ³ cola com nÃ³s e vem vivenciar o movimento !ğŸ“¸: @blackprince.og","1732557051","1732557051"
"C9nBuUUu6JC","5","5","https://www.instagram.com/_batalhadocoreto_/p/C9nBuUUu6JC/","Photo shared by Batalha Do Coreto on July 19, 2024 tagging @isahrainbow, @o_karmardn, @l.u.n.ox, @espelunca4i20, @_jack_stickers, @tonin_unico, @rfwinter_, @ghost_da_cena, and @solovernb. Nenhuma descriÃ§Ã£o de foto disponÃ­vel..","1721487848","1","Demorou um pouco mais tÃ¡ na pista familia ğŸ”¥ O Grande campeÃ£o da Ãºltima ediÃ§Ã£o foi o Brabo @tonin_unico em uma final monstra contra o Brabo @ghost_da_cena  sÃ³ forÃ§a geral q colou evento foi foda ğŸ”¥APOIO:@espelunca4i20 @solovernb @_jack_stickers @o_karmardn @rfwinter_ @isahrainbow @l.u.n.ox@taldo.niick","1732557189","1732557189"
"C9x-YWWOnJA","3","3","https://www.instagram.com/batalhadafex_/p/C9x-YWWOnJA/","Photo by BATALHA DA FEX in Bairro Lagoa with @italouco22, @rapladonortebr, @s.usu__, @ynf_kane, @blackprince.og, @taldo.niick, @luazin.___, @eubrumm, @_jeef.f, @nutrilhar, @l.u.n.ox, and @batalhasdebh. Nenhuma descriÃ§Ã£o de foto disponÃ­vel..","1721771948","1","EDIÃ‡ÃƒO CONCLUÃDA COM SUCESSO ğŸ”¥ğŸ”¥ğŸ”¥Mais uma vez entregamos o hip hop com o entretenimento do jeito que a quebrada merece, muita rima e vibe concentrada ali naquele momento !@italouco22 se sagrou campeÃ£o numa final incrÃ­vel com a mina @kety.mc , que rimou o fino do freestyle!!! O campeÃ£o levou aquela xeque mate trincando pra casa em colaboraÃ§Ã£o com @pedro_patrus e a @xequematebebidas , uma arte sinistra de @taldo.niick e @l.u.n.ox que sempre representam !!!O hip hop vive aqui , atÃ© a prÃ³xima ğŸ”¥â™¥ï¸","1732557051","1732557051"
"C_-8Nq3uCdM","3","3","https://www.instagram.com/batalhadafex_/p/C_-8Nq3uCdM/","Photo shared by BATALHA DA FEX on September 16, 2024 tagging @luazin.___. Pode ser uma imagem de softbol e rebatendo.","1726501623","1","O CAMPEÃƒO VOLTOU!!@luazin.___ foi o grande campeÃ£o da Ãºltima ediÃ§Ã£o da batalha da fex numa final absurda contra a braba @x1_dudamc . O campeÃ£o levou pra casa 50 reais, 3 latas de xeque-mate e a vaga para a ediÃ§Ã£o de 9 anos da @batalhadamatrizznbhoficial . A vice campeÃ£ tambÃ©m nÃ£o saiu de mÃ£os vazias e levou 2 latas de xeque-mate pra casa.SÃ³ forÃ§a todo mundo que colou e fez a vibe com a gente nesse sÃ¡bado, continuem acompanhando por aqui, em breve soltaremos mais novidades.GratidÃ£o aos apoiadores dessa ediÃ§Ã£o: @felipeeh_campos @xequematebebidas @pedro_patrus .","1732557051","1732557051"
"C_LemSLO4fh","3","3","https://www.instagram.com/batalhadafex_/p/C_LemSLO4fh/","Photo shared by BATALHA DA FEX on August 27, 2024 tagging @italouco22, and @kety.mc. Nenhuma descriÃ§Ã£o de foto disponÃ­vel..","1724774789","4","KETY CAMPEÃƒ!! ğŸ”¥ğŸ”¥ğŸ”¥No Ãºltimo sÃ¡bado, a braba @kety.mc mostrou o porque Ã© uma das mais brabas de BH, dominou as arquibancadas e saiu campeÃ£ numa final absurda contra o mano @italouco22 , levando pra casa 4 latas de xeque-mate.Ã‰ isso famÃ­lia gratidÃ£o total todo mundo que colou com a gente, fiquem de olho nos stories que em breve teremos novidades pesadÃ­ssimas pra vocÃªs, cola com nois!!!ğŸ”¥ğŸ”¥ğŸ”¥Apoio: @xequematebebidas e @pedro_patrus","1732557051","1732557051"
"C_TSZOzufgx","3","3","https://www.instagram.com/batalhadafex_/p/C_TSZOzufgx/","Photo shared by BATALHA DA FEX on August 30, 2024 tagging @italouco22, @kety.mc, and @eubrumm. Pode ser uma imagem de pÃ´ster.","1725036576","1","RAKING ATUALIZADO!! ğŸ”¥ğŸ”¥A segunda temporada do ranking da batalha da fex comeÃ§ou e jÃ¡ tÃ¡ daquele jeito!! ParabÃ©ns a @kety.mc , @eubrumm e @italouco22 por ocuparem o pÃ³dio. ParabÃ©ns tambÃ©m a todos os 7 Mcs que estÃ£o na disputa. Ã‰ isso famÃ­lia, continuem acompanhado a gente que em breve teremos novidades.ISSO Ã‰ FEX!!!","1732557051","1732557051"
"C_yuMFUuJnb","3","3","https://www.instagram.com/batalhadafex_/p/C_yuMFUuJnb/","Photo by BATALHA DA FEX in Bairro Lagoa with @rapladonortebr, @ynf_kane, @blackprince.og, @luazin.___, @eubrumm, @_jeef.f, @nutrilhar, @batalhadamatrizznbhoficial, and @batalhasdebh. Pode ser uma imagem de pÃ´ster e camisa.","1726091336","1","VAI ROLAR SELETIVA BDM 9 ANOS NA BATALHA DA FEX!!!SÃ¡bado vai ter uma ediÃ§Ã£o mais que especial aguardando por vocÃªs, valendo uma vaga para o evento de aniversÃ¡rio de 9 anos da @batalhadamatrizznbhoficial !!!Data : 14/09 (sÃ¡bado agora)HorÃ¡rio: a partir das 19:30Local: rua JosÃ© Sabino Maciel 128 (arquibancada do campo do radiante) InscriÃ§Ãµes : atÃ© 20:15 (minas e monas e pessoas pcdâ€™s tem vaga garantida chegando no horÃ¡rio)O bagulho vai ser lindo e se vc nÃ£o for sÃ³ vocÃª nÃ£o vai ğŸ”¥Flyer : @blackprince.og","1732557051","1732557051"
"DA1thI4ufhW","3","3","https://www.instagram.com/batalhadafex_/p/DA1thI4ufhW/","Photo shared by BATALHA DA FEX on October 07, 2024 tagging @minaspipoca, @ynf_kane, @blackprince.og, @luazin.___, @eubrumm, @_jeef.f, @nutrilhar, @derik_hrs, @acaidcampos, and @lagoafcofc. Pode ser uma imagem de pÃ´ster, camisa e texto.","1728339131","1","100 VEZES BATALHA DA FEX !!! ğŸ”¥NÃ³s lutamos e fizemos muitas coisas para chegar atÃ© aqui, com 5 anos de histÃ³rias, chegou o momento de comemorar nossa centÃ©sima ediÃ§Ã£o da forma mais FEX possÃ­vel !!! Vai rolar batalha com 8 duplas confirmadas , pocket a apresentaÃ§Ãµes diversas que vocÃªs nÃ£o perdem por esperar !Acompanhem nossos stories que ao decorrer da semana vamos divulgando tudo em !Data: 12/10 (sÃ¡bado)Local: rua JosÃ© Sabino Maciel 158 - 162 lagoa (praÃ§a do campo do radiante )HorÃ¡rio : 19 horas Venha comemorar e fazer parte de mais um momento na nossa histÃ³ria !!! â™¥ï¸ğŸ”¥Flyer by : @blackprince.og","1732557051","1732557051"
"DA6vbOlylx5","2","2","https://www.instagram.com/bp7_bh/p/DA6vbOlylx5/","Photo shared by BATALHA DA P7 on October 09, 2024 tagging @coletivoavoante. Pode ser uma imagem de uma ou mais pessoas, pÃ´ster, banner, camisa e texto.","1728507903","3","Salve P7! Essa quinta feira, junto com a @coletivoavoante vamos fazer histÃ³ria!!!! .AlÃ©m da batalha de rima, teremos uma batalha de Slam, cola geral que vai ser lindo!!!","1732556654","1732556654"
"DA9d9dhOoZc","2","2","https://www.instagram.com/batalhactr/p/DA9d9dhOoZc/","Photo shared by Batalha CTR on October 10, 2024 tagging @hildonphoto, and @bp7_bh. Pode ser uma imagem de 5 pessoas, multidÃ£o, show e texto.","1728599410","20","#tbt BP7 vs CTR ğŸ’¥ Primeiro desafio deu P7, mas calma famÃ­lia porque tudo que vai, VOLTA! ğŸ‘€MÃ¡ximo respeito a @bp7_bh que nos recebeu com a maior satisfaÃ§Ã£o e nos fez sentir em casa. ğŸ’šParabÃ©ns ao nosso time, fomos GIGANTES! ğŸ”¥ğŸ“¸: @hildonphoto","1732556654","1732556654"
"DAUKS5jyZNN","3","3","https://www.instagram.com/instituto_lumiar/p/DAUKS5jyZNN/","Photo shared by Instituto Lumiar on September 24, 2024 tagging @batalhadafex_, and @batalha_da12. Pode ser uma imagem de uma ou mais pessoas, pÃ´ster e camisa.","1727213368","4","ğŸ†ğŸ”¥ O Circuito Hip-Hop tÃ¡ chegando pesado! âœŠğŸ¾âœ¨Nesta ediÃ§Ã£o, o foco Ã© nas regionais Norte e Venda Nova, valorizando e reconhecendo a forÃ§a da cultura hip-hop nesses territÃ³rios. Valendo vaga para a grande final.Anota aÃ­ e vem com a gente:ğŸ“… 28/09, das 19h Ã s 22h - Batalha da FEXğŸ“ Rua JosÃ© Sabino Maciel, 158-162 â€“ Bairro Lagoa, Venda NovağŸ“… 01/10, das 20h Ã s 23h - Batalha da 12ğŸ“ Rua Dr. Ãlvaro Camargos, 1157 â€“ Bairro Santa BrancaChama a galera pra colar com a gente e acompanhar as novidades.#CircuitoHipHop #CulturaHipHop #HipHopBH #CulturaBH","1732557051","1732557051"
"DA_6w8vSyGi","2","2","https://www.instagram.com/bp7_bh/p/DA_6w8vSyGi/","Photo by BATALHA DA P7 in Praca Da Cardoso Serra with @dieguin.d7, @gabriella_theybs, @_d7___d7, and @neguindocaldo. Pode ser uma imagem de 2 pessoas, pÃ´ster, camisa, ao ar livre e texto.","1728681621","1","Nesse sÃ¡bado no serrÃ£o, a @bp7_bh vai realizar uma ediÃ§Ã£o na praÃ§a do cardoso, valendo 100$ + pontuaÃ§Ã£o no ranking, quem vem com nÃ³s ?AÃ§Ã£o social dia das crianÃ§as, realizado pelo @dieguin.d7 + @neguindocaldo Cola com nÃ³s porque aÃ­ ser histÃ³rico ğŸ“ğŸ™ŒğŸ½Quem quiser ajuda nos nessa aÃ§Ã£o, chama na dm ğŸ™ŒğŸ½ART: @gabriella_theybs","1732556654","1732556654"
"DAb7zH8pzMe","5","5","https://www.instagram.com/batalhadovnz/p/DAb7zH8pzMe/","Photo by Batalha do vnz on September 27, 2024. Pode ser uma imagem de uma ou mais pessoas, camisa, pÃ´ster e texto que diz ""à®µà®•à®©à¯ áŒ€áˆ­ ERitcieto æ³¡æ ¼ á‘áŸ’ášá›á·á˜ 28/09 SÃBADO AS 17:00 NUEM UAS OSCORROR x SANGUE? APOIO: AA REALIZAÃ‡ÃƒO: Kataka RIBEIRÃƒO DAS NEVES INgT PREFEITURA à¸à¹„à¸—à¸²à¸£ F PAULO GUSTAVO MINISTÃ‰RIO DA CULTURA GOVERNO GOVERNOFEDERAL FEDERAL BRASIL UNIAO RECONSTRUÃ‡ÃƒO"".","1727548609","6","ğŸ©¸DE QUEM VAI ESCORRER O SANGUE?ğŸ©¸Vamos a umas das maiores batalhas que RibeirÃ£o das Neves jÃ¡ testemunhou!VÃ¡rios nomes de peso para que esse dia seja memorÃ¡vel, porÃ©m a dÃºvida que nÃ£o quer calar...Quem vai matar e quem vai morrer?1Â° time defendendo o VNZ com os maiores campeÃµes+convidado@geremc_ @julietzzz_ @tjmc_031 @lion.emici diretamente de SP para aterrissar no VNZ2Â° Time TubarÃ£o, unificamos alguns monstros para fazer o Dream Team@tubaraomc @wad_vanced @lorrann._ @dozibala_3Â° Time New Nevesjuntando os bons aproveitamentos@lksilvamc @eum7th @_slow_jam_ @togau_4Â° Time da @clandestina031reserva sÃ³ os coisa ruim reunido em um elenco que promete muito!@chrismcoficial @champasma @realedr_ @ph21_mdc5Â° Time da @_batalhadocoreto_ tambÃ©m promete com o famoso ""pouco hype, muita rima!""@andrey_mc08 @_balroguin @ghost_da_cena @hynoto_mcâš ï¸ATENÃ‡ÃƒO âš ï¸TIME SORTEIO4 NOMES SERÃƒO SORTEADOS PARA FORMAR ESSE ELENCOğŸ¤¯ğŸ”¥ğŸ“… 28/09InÃ­cio das inscriÃ§Ãµes: 17:00InÃ­cio da batalha: 17:15ğŸ“Œ EndereÃ§o:R. ArmÃªnia, 174 - Conj. Henrique Sapori / RibeirÃ£o das NevesAgradecimentos:@03umprod@dadosdrinks@ramongamesoficial@rapladonortebr@nutrilhar@divulgavenezaEste evento faz parte do projeto ""Salve a Batalha do VNZ"" pela lei de incentivo Paulo Gustavo, 240/2023.(Caso queira ser um apoiador entre em contato)#Compartilhe o Flyer para ajudar nosso alcance","1732557189","1732557189"
"DAlm50Yv02o","3","3","https://www.instagram.com/batalhadafex_/p/DAlm50Yv02o/","Photo shared by BATALHA DA FEX on October 01, 2024 tagging @luazin.___. Pode ser uma imagem de 8 pessoas, multidÃ£o, noite e texto.","1727800431","2","LUÃƒZIN CAMPEÃƒO DA SELETIVA PRO CIRCUITO HIP HOP!!Ã‰ isso famÃ­lia o evento de sÃ¡bado foi incrÃ­vel, praÃ§a cheia, muita rima e muita vibe. E o mano @luazin.___ se consagrou campeÃ£o numa final absurda contra o monstro @gohan7__ , que teve tambÃ©m um desempenho absurdo nessa ediÃ§Ã£o. O campeÃ£o levou pra casa 700 reais e a vaga pra grande final do Circuito hip hop, o vice tambÃ©m nÃ£o saiu de mÃ£os vazias e levou 300 reais pra casa e tambÃ©m garantiu sua vaga na final.GratidÃ£o total a todo mundo que fez parte desse dia com a gente, toda a organizaÃ§Ã£o por trÃ¡s do evento e a plateia que ficou com a gente atÃ© o fim Ã© fez uma vibe indescritÃ­vel. ISSO Ã‰ FEX!! ğŸ”¥ğŸ”¥ğŸ”¥","1732557051","1732557051"
"DAtbAsMxx_Z","2","2","https://www.instagram.com/bp7_bh/p/DAtbAsMxx_Z/","Photo shared by BATALHA DA P7 on October 04, 2024 tagging @gabrielmiralm, @mineirodazn, @gohan7__, @eum7th, @kaybigmc, @julietzzz_, and @ghost_da_cena. Pode ser uma imagem de 5 pessoas, pessoas em pÃ©, pÃ´ster, banner, multidÃ£o e texto.","1728060993","3","Time P7, grande campeÃ£o do desafio contra a @batalhactr ğŸ”¥ @mineirodazn @ghost_da_cena @gabrielmiralm @julietzzz_ @gohan7__ @eum7th @indinmc_ofc @kaybigmc .SatisfaÃ§Ã£o total @batalhactr .#hiphop","1732556654","1732556654"
"DAy610cvAyo","2","2","https://www.instagram.com/raw.bene/p/DAy610cvAyo/","Photo shared by Ê€á´€á´¡ Ê™á´‡É´á´‡ ğŸ§¢ on October 06, 2024 tagging @jadecarneiro, and @bp7_bh. Pode ser uma arte pop de 5 pessoas, pÃ´ster, revista e texto.","1728245453","7","Ã‰ pq compro e vendo ouro ce nao ve na internet! ğŸ¤ğŸ”¥","1732556654","1732556654"
"DAyZ2tNOLk4","2","2","https://www.instagram.com/ehominis/p/DAyZ2tNOLk4/","Photo shared by Minis audiovisual on October 06, 2024 tagging @bp7_bh. Pode ser uma imagem de 5 pessoas, multidÃ£o, show e texto.","1728228159","7","","1732556654","1732556654"
"DB8_tF7OP5B","2","2","https://www.instagram.com/bp7_bh/p/DB8_tF7OP5B/","Photo shared by BATALHA DA P7 on November 04, 2024 tagging @mineirodazn, and @gohan7__. Pode ser uma arte pop de 2 pessoas, pessoas em pÃ©, pÃ´ster e texto.","1730731031","2","Na Ãºltima ediÃ§Ã£o da Batalha da P7, @mineirodazn e @gohan7__ foram os grandes campeÃµes!!! .O evento foi, gratidÃ£o a todos que fizeram parte! Isso Ã© @bp7_bh .#hiphopculture #rap #hiphop","1732556654","1732556654"
"DBKUCzGSmd9","3","3","https://www.instagram.com/batalhadafex_/p/DBKUCzGSmd9/","Photo by BATALHA DA FEX in Bairro Lagoa with @minaspipoca, @megbeealves, @ynf_kane, @luazin.___, @eubrumm, @_balroguin, @bjunnior_1, @_jeef.f, @champasma, @nutrilhar, @lualuhh_, @acaidcampos, @lagoafcofc, and @cris_trancas__. Pode ser uma imagem de 2 pessoas, pessoas em pÃ©, pÃ´ster e texto.","1729030418","1","AVISA LÃ QUE A TROPA DO SEMPRE ğŸ…°ï¸ LEVOU ESSAğŸ”¥Depois de uma ediÃ§Ã£o histÃ³rica, finalizamos da melhor forma possÃ­vel com muita rima e muita vibe pra quem tava presente ! @champasma e @_balroguin  se sairam melhor numa final monstra com @bjunnior_1  e @mhc_xzn , e levaram uma peita do @lagoafcofc , uma tranÃ§a da @cris_trancas__ , dois aÃ§aÃ­s de 700ml do @acaidcampos e 100 reais do @minaspipoca e duas folhinhas da braba @megbeealves !!!GratidÃ£o a todos os apoiadores e todas as pessoas presentes, em especial a @lualuhh_  que fortaleceu as melhores imagens possÃ­veis, e ao CRAS LAGOA  que cedeu o espaÃ§Ã£o para que tudo isso pudesse ser feito ! Isso e fex seus loko ğŸ”¥","1732557051","1732557051"
"DBMFPGnxVoQ","2","2","https://www.instagram.com/bp7_bh/p/DBMFPGnxVoQ/","Photo shared by BATALHA DA P7 on October 16, 2024 tagging @vitim.ge. Pode ser uma imagem de uma ou mais pessoas, camisa, pÃ´ster e texto.","1729092250","2","Salve tropa, quem ai ta com saudades da p7 no local principal da batalha ?EntÃ£o vem com nos, nessa quinta feira  17/10 iremos da continuidade no ranking, e com uma participaÃ§Ã£o mais que especial, vamos  recebe o artista foda @vitim.ge, entÃ£o vem com nos fazer histÃ³ria mais uma vez .Vitim GE nascido e criado nas ruas de Contagem vem com suas letras relatando vivÃªncias sobre a rua. AlÃ©m do seu recente Ã¡lbum Davi Derrubando Golias Hits como Nascido Para Vencer, Nota por Nota fazem parte da sua trajetÃ³ria musicalâ€¦BH e enois â€¼ï¸#cultura #rap","1732556654","1732556654"
"DBMd12Iy1Md","2","2","https://www.instagram.com/brasildefatomg/p/DBMd12Iy1Md/","Photo shared by Brasil de Fato MG on October 16, 2024 tagging @dieguin.d7, @gabriella_theybs, @colombianam13, and @bp7_bh. Pode ser uma imagem de 6 pessoas, pÃ´ster e texto.","1729102715","5","O evento reÃºne centenas de pessoas, para ouvir, duelar e aprender sobre o rap e tambÃ©m sobre diversas questÃµes que envolvem a cidade e sÃ£o abordadas nas rimas.Confira a entrevista com pessoas importantes para cena do RAP em BH.Leia a notÃ­cia completa no @brasildefatomg ğŸ“²Link na bio...#brasildefatomg #bp7 #rap #belohorizonte","1732556654","1732556654"
"DBOs2mJOhux","3","3","https://www.instagram.com/batalhadafex_/p/DBOs2mJOhux/","Photo shared by BATALHA DA FEX on October 17, 2024 tagging @ynf_kane, @luazin.___, @eubrumm, and @_jeef.f. Pode ser uma imagem de 3 pessoas, pÃ´ster e texto.","1729177643","10","TÃ¡ cedo pra pedir um TBT dessa ediÃ§Ã£o incrÃ­vel?? ğŸ˜ğŸ”¥ğŸ”¥","1732557051","1732557051"
"DBWx6jDxvoC","3","3","https://www.instagram.com/lualuhh_/p/DBWx6jDxvoC/","Photo shared by ğ–‘ğ–šğ–†ğ–‘ğ–šğ–ğŸŒ™ on October 20, 2024 tagging @megbeealves, @ynf_kane, @luazin.___, @eubrumm, and @batalhadafex_. Pode ser uma imagem de 4 pessoas, pessoas jogando basquete, pÃ´ster e texto.","1729448733","5","100Â° ediÃ§Ã£o da @batalhadafex_ ğŸ”¥","1732557051","1732557051"
"DBcZtyKOigD","2","2","https://www.instagram.com/bp7_bh/p/DBcZtyKOigD/","Na Ãºltima ediÃ§Ã£o da batalha da P7 @julietzzz_ foi o grande campeÃ£o!!!ğŸ”¥ 
.
.
#hiphop #hiphopculture","1729637372","2","Na Ãºltima ediÃ§Ã£o da batalha da P7 @julietzzz_ foi o grande campeÃ£o!!!ğŸ”¥ ..#hiphop #hiphopculture","1732556654","1732556654"
"DBcd8E6uTu6","2","2","https://www.instagram.com/bp7_bh/p/DBcd8E6uTu6/","Photo by BATALHA DA P7 in PraÃ§a Sete De Setembro. Pode ser uma imagem de camisa, pÃ´ster e texto que diz ""BATA DAP ã‚¢ãƒ³ãƒ TRIO ESCOLHIDO TVÃªs Tatuagens minima istas VALENDO PONTUAÃ‡ÃƒO NO RANKING PREMIACÃƒO SURPRESA Î’AÎ¤Î›UHA DE PASSIM intervenÃ§Ã£o PraÃ§a sete de setembro, rua Rio de Janeiron100 Centro"".","1729639586","1","Ã‰ isso mesmo famÃ­lia, avisa geral que quinta-feira tem P7 de trio escolhido + batalha de passinho!!!ğŸ”¥ .JÃ¡ deixem nos comentÃ¡rios qual vai ser o trio campeÃ£o â¬‡ï¸â¬‡ï¸ .PremiaÃ§Ãµes: @_d7___d7 @kazin_ink Tatto .#hiphop #hiphopculture","1732556654","1732556654"
"DBeKv6Cxp3n","2","2","https://www.instagram.com/raw.bene/p/DBeKv6Cxp3n/","Photo shared by Ê€á´€á´¡ Ê™á´‡É´á´‡ ğŸ§¢ on October 23, 2024 tagging @ghost_da_cena, and @bp7_bh. Pode ser uma imagem de 1 pessoa, multidÃ£o e texto.","1729696634","7","Credo avisa que Ã© ela! Ã‰ a @bp7_bh â¤ï¸ğŸ”¥Toda quinta feira, nao tem erro, o role Ã© um so! #batalhaderima #batalhademcs","1732556654","1732556654"
"DBhDYYmPdC8","4","4","https://www.instagram.com/batalhadamatrizznbhoficial/p/DBhDYYmPdC8/","Photo by Batalha Da Matriz ZN BH in Bh E Quem? Bh E Nois with @rockinrio, @erickmoura13, @rapladonortebr, @batalhadospredim, and @batalhasdebh. Pode ser uma imagem de uma ou mais pessoas, camisa, pÃ´ster, show e texto.","1729793434","1","VAI TER CONEXÃƒO #bdmznbh E @batalhadospredim TERÃ‡A FEIRA NO CENTRO CULTURAL VENDA NOVA ğŸ”¥ğŸ”¥ğŸ”¥Salve famÃ­lia, Ã© com muita satisfaÃ§Ã£o que divulgamos pra vocÃªs a seletiva mais esperada do Circuito HipHop, as duas maiores Batalhas da ZN se unem para fazer aquele evento que vai marcar na histÃ³ria da quebrada, se liga!SerÃ£o 8 mcs convidados (4 de cada batalha)8 vagas de sorteio (sendo 4 para Minas e Monas caso tenha!)DJ @dj.rudolph ao vivo PremiaÃ§Ã£o:700 reais para o CampeÃ£o 300 reais para o ViceVaga para os dois finalistas na final do Circuito HipHopLocal: Centro Cultural Venda Nova - Rua JosÃ© Ferreira dos Santos, 184 - Jardim dos ComerciÃ¡rios COLA GERAL QUE VAI SER O AÃ‡O ğŸ”¥ğŸ”¥ğŸ”¥","1732557434","1732557434"
"DBjQ9-3OY0V","4","4","https://www.instagram.com/instituto_lumiar/p/DBjQ9-3OY0V/","DescriÃ§Ã£o da imagem: foto de uma mulher discotecando, acompanhada do texto: Circuito Hip Hop, Zona Norte + Venda Nova. Seletiva Matriz versus Batalha dos Predim. InauguraÃ§Ã£o do novo espaÃ§o coberto do Centro Cultural Venda Nova. Participe! TerÃ§a-feira, dia 29 de outubro, a partir das 19 horas. Rua JosÃ© Ferreira dos Santos, 184, Jardim dos ComerciÃ¡rios. Ãcone do Instagram, acompanhado dos arrobas: @batalhadamatrizznbhoficial, @batalhadospredim. Na parte inferior da imagem, uma logo com os dizeres: instituto Lumiar. Fim da descriÃ§Ã£o.","1729867667","1","ğŸ—£ï¸ Salve, famÃ­lia! TerÃ§a-feira, dia 29/10, a partir das 19h, vai rolar um duelo imperdÃ­vel: ğŸ¤ğŸ”¥ Batalha da Matriz vs. Batalha dos Predim no Centro Cultural Venda Nova (R. JosÃ© Ferreira dos Santos, 184, Jardim dos ComerciÃ¡rios)! #PraTodosVerem esse post possui texto alternativo.#CircuitoHipHop #CulturaHipHop #HipHopBH #CulturaBHChega mais pra conferir essa disputa de rimas que vai pegar fogo e aproveitar a inauguraÃ§Ã£o da nova tenda do espaÃ§o, garantindo mais estrutura e conforto pra geral! NÃ£o perde essa, vem fortalecer a cena e curtir muito hip-hop debaixo da nova estrutura do CCVN! âœŠğŸ¾ğŸ”¥","1732557434","1732557434"
"DBmhH-zvjBj","4","4","https://www.instagram.com/batalhadamatrizznbhoficial/p/DBmhH-zvjBj/","Photo by Batalha Da Matriz ZN BH in Bh E Quem? Bh E Nois with @rapladonortebr, @_balroguin, @batalhadospredim, @instituto_lumiar, and @batalhasdebh. Pode ser uma imagem de 1 pessoa, pÃ´ster, camisa e texto.","1729976801","1","@_balroguin CONFIRMADO NO #timebdmznbh FAMÃLIA ğŸ”¥ğŸ”¥ğŸ”¥TerÃ§a vai ser o aÃ§o no Centro Cultural Venda Nova, cola geral que vai ter mais 8 vagas de sorteio na hora hein, brota ğŸ”¥â¤ï¸@rapladonortebr @instituto_lumiar#circuitozonanorte #rapladonortebr #trapmg","1732557434","1732557434"
"DBmuHlIukl5","4","4","https://www.instagram.com/batalhadospredim/p/DBmuHlIukl5/","Photo shared by Batalha dos Predim BH/MG on October 26, 2024 tagging @rapladonortebr, @champasma, @batalhadamatrizznbhoficial, and @batalhasdebh. Pode ser uma imagem de 1 pessoa, pÃ´ster, camisa e texto.","1729983613","1","@champasma CONFIRMADO NO TIME DA @batalhadospredim FAMÃLIA ğŸ”¥ğŸ”¥ğŸ”¥Essa batalha vai ser quente demais, os dois times pesadÃ­ssimos no game, mais a galera do sorteio, isso vai ser lindo ğŸ”¥â¤ï¸","1732557434","1732557434"
"DBoR8LxR3pW","4","4","https://www.instagram.com/batalhadamatrizznbhoficial/p/DBoR8LxR3pW/","Photo by Batalha Da Matriz ZN BH in Bh E Quem? Bh E Nois with @rapladonortebr, @bpoetico, @batalhadospredim, and @batalhasdebh. Pode ser uma imagem de 1 pessoa, temporizador, camisa, pÃ´ster e texto.","1730035949","1","@bpoetico Ã© o segundo confirmado do #timebdmznbh no Circuito Zona Norte que vai rolar na PrÃ³xima terÃ§a no Centro cultural Venda Nova  em conexÃ£o com @batalhadospredim @rapladonortebr @batalhasdebh @instituto_lumiar #rapladonortebr #circuitozonanorte #trapmg","1732557434","1732557434"
"DBoe3czP0jo","2","2","https://www.instagram.com/raw.bene/p/DBoe3czP0jo/","Photo shared by Ê€á´€á´¡ Ê™á´‡É´á´‡ ğŸ§¢ on October 27, 2024 tagging @bp7_bh. Pode ser uma imagem de 1 pessoa, em pÃ©, bandana e texto.","1730042725","6","FaÃ§a chuva ou faÃ§a sol! Da maneira mais suja possivel! Sem mic, sem luz! A batalha da p7 vai acontecer! ğŸ”¥â¤ï¸ğŸ“¸","1732556654","1732556654"
"DBqtTWpOS-y","4","4","https://www.instagram.com/batalhadospredim/p/DBqtTWpOS-y/","Photo shared by Batalha dos Predim BH/MG on October 28, 2024 tagging @rapladonortebr, @eubrumm, @batalhadamatrizznbhoficial, and @batalhasdebh. Pode ser uma imagem de 1 pessoa, pÃ´ster, temporizador, camisa e texto.","1730117403","1","@eubrumm CONFIRMADO NO GAME AMANHÃƒ NO CCVN ğŸ”¥ğŸ”¥ğŸ”¥AmanhÃ£ vai ser sinistro e o brabo da @batalhadafex_ vai tÃ¡ presente representando a melhor de BH, bora pra cima!!!","1732557434","1732557434"
"DBrIadNOylX","2","2","https://www.instagram.com/bp7_bh/p/DBrIadNOylX/","Photo by BATALHA DA P7 in PraÃ§a Sete De Setembro with @mineirodazn, @gohan7__, and @eum7th. Pode ser uma imagem de 3 pessoas, segway, saxofone, cadeira de rodas, rua e texto.","1730131617","1","Na Ãºltima ediÃ§Ã£o da batalha da P7 @eum7th @mineirodazn e @gohan7__ foram os grandes campeÃµes!!ğŸ”¥ .Mesmo com a chuva, a vibe foi sinistra!!! .#hiphopculture #hiphop","1732556654","1732556654"
"DBrYdmyPXCq","4","4","https://www.instagram.com/batalhadamatrizznbhoficial/p/DBrYdmyPXCq/","Photo by Batalha Da Matriz ZN BH in Bh E Quem? Bh E Nois with @rapladonortebr, @lince_mc, @batalhadospredim, and @batalhasdebh. Pode ser uma imagem de 1 pessoa, temporizador, camisa, pÃ´ster e texto.","1730140031","1","@lince_mc Ã© mais um confirmado no #timebdmznbh amanhÃ£ no Centro Cultural Venda Nova na batalha com @batalhadospredim pelo circuito Zona Norte Cola com nÃ³s amanhÃ£ SerÃ¡ o aÃ§o!#rapladonortebr #Ê€á´€á´˜á´É¢","1732557434","1732557434"
"DBrpN3gSSGH","4","4","https://www.instagram.com/batalhadospredim/p/DBrpN3gSSGH/","Photo shared by Batalha dos Predim BH/MG on October 28, 2024 tagging @rapladonortebr, @lorrann._, @batalhadamatrizznbhoficial, and @batalhasdebh. Pode ser uma imagem de 1 pessoa, pÃ´ster, camisa e texto.","1730148815","1","@lorrann._ CONFIRMADO AMANHÃƒ FAMÃLIA â¤ï¸â¤ï¸â¤ï¸Representando a @batalhadospredim o maior campeÃ£o da casa, @lorrann._ presente amanhÃ£!","1732557434","1732557434"
"DBt5QuuPg50","4","4","https://www.instagram.com/batalhadamatrizznbhoficial/p/DBt5QuuPg50/","Photo shared by Batalha Da Matriz ZN BH on October 29, 2024 tagging @izalourenca, @rapladonortebr, @pedro_patrus, @batalhadospredim, @dennis_souss, @deponta_, @batalhasdebh, and @organiccomp. Pode ser uma imagem de camisa, pÃ´ster e texto.","1730224336","2","HOJE TEM #BDMZNBH em conexÃ£o com a @batalhadospredim  no Centro cultural Venda Nova com a realizaÃ§Ã£o do #circuitozonanorte 8 Mcs confirmados e 8 vagas de sorteio!Jurados @megbeealves333 @dennis_souss EntÃ£o cola com nÃ³s pq vale Mil reais e vaga numa batalha que vale 5 mil ! @batalhasdebh @rapladonortebr @instituto_lumiar #rapladonortebr","1732557434","1732557434"
"DBtVBzfx9wQ","4","4","https://www.instagram.com/batalhadamatrizznbhoficial/p/DBtVBzfx9wQ/","Photo by Batalha Da Matriz ZN BH in Bh E Quem? Bh E Nois with @rapladonortebr, @batalhadospredim, @instituto_lumiar, @batalhasdebh, and @x1_dudamc. Pode ser uma imagem de 1 pessoa, pÃ´ster, temporizador, camisa e texto.","1730205340","1","@x1_dudamc Ã© mais uma Confirmada no #timebdmznbh no Circuito Zona Norte hoje em conexÃ£o com a @batalhadospredim no CCVN AS 18:30 !VENHA COM BOAS ENERGIAS!@rapladonortebr @batalhasdebh #rapladonortebr","1732557434","1732557434"
"DBtnyDrRI0G","2","2","https://www.instagram.com/bp7_bh/p/DBtnyDrRI0G/","Photo by BATALHA DA P7 in PraÃ§a Sete De Setembro with @douglardindaserra. Pode ser uma imagem de 1 pessoa, pÃ´ster, camisa e texto.","1730215172","1","Salve tropa,  QUINTA FEIRA Ã© dia de fazer histÃ³ria em bh, entÃ£o cola com nÃ³s e vem fazer parte dessa festa linda.Com esse novo projeto,vamos receber o maior do freestyle @douglardindaserra, para uma roda de conversa, e falar sobre cultura mÃºsica e trajetÃ³ria Com vÃ¡rias atraÃ§Ãµes, batalha de rima, concurso de melhor fantasia, vem fazer histÃ³ria com a P7 ğŸ”¥ Batalha da p7, a braba tÃ¡ na pista, foco na batalha, foco nos racistas... ğŸ¤","1732556654","1732556654"
"DBto0E1Odil","4","4","https://www.instagram.com/batalhadospredim/p/DBto0E1Odil/","Photo shared by Batalha dos Predim BH/MG on October 29, 2024 tagging @rapladonortebr, @batalhadamatrizznbhoficial, and @batalhasdebh. Pode ser uma imagem de 1 pessoa, temporizador, camisa, pÃ´ster e texto.","1730215713","1","@young.banksy CONFIRMADO HOJE NA BATALHA ğŸ”¥ğŸ”¥ğŸ”¥Nossa joia rara vai tÃ¡ presente para disputar os mil, cola geral que hoje vai ser quente demais!!!","1732557434","1732557434"
"DBwQkDHPBCi","4","4","https://www.instagram.com/batalhadamatrizznbhoficial/p/DBwQkDHPBCi/","Photo by Batalha Da Matriz ZN BH in Bh E Quem? Bh E Nois with @rapladonortebr, @_balroguin, @batalhadospredim, @instituto_lumiar, and @batalhasdebh. Pode ser uma arte pop de 1 pessoa, pÃ´ster, caneta, revista e texto.","1730303662","1","@_balroguin CAMPEÃƒO DA CONEXÃƒO MATRIZ E PREDIM ğŸ”¥ğŸ”¥ğŸ”¥Numa noite de muita rima, @_balroguin se destacou e venceu o brabo @hynoto_mc na final, monstro demais!BALROG ganhou 700 reais e se classificou para a final do Circuito HipHop que irÃ¡ valeu 5 mil reais em premiaÃ§Ãµes, o vice HYNOTO levou 300 e tambÃ©m se classificou pra final do circuito HipHop, merecedores!GratidÃ£o geral, ZN Ã‰ NÃ“S â¤ï¸","1732557434","1732557434"
"DBwUloFulwy","3","3","https://www.instagram.com/batalhadafex_/p/DBwUloFulwy/","Photo by BATALHA DA FEX in Bairro Lagoa with @ynf_kane, @luazin.___, @eubrumm, and @_jeef.f. Pode ser uma imagem de pÃ´ster, camisa e texto.","1730305772","1","âŒ Manda avisar que esse sÃ¡bado tem BATALHA FA FEXâ€¼ï¸âŒSÃ¡bado as arquibancadas vÃ£o ser novamente palco de guerra. Cola geral pra fazer a festa ficar linda!!!InformaÃ§Ãµes:Data: 02/11, SÃ¡bado EndereÃ§o estÃ¡ descrito no flyer!!Batalha bate e volta individual InÃ­cio das inscriÃ§Ãµes 19:30","1732557051","1732557051"
"DCExjHQRDp7","1","1","https://www.instagram.com/raw.bene/p/DCExjHQRDp7/","Photo shared by Ê€á´€á´¡ Ê™á´‡É´á´‡ ğŸ§¢ on November 07, 2024 tagging @realedr_, and @clandestina031bh. Pode ser uma imagem de 1 pessoa e multidÃ£o.","1730992044","10","DIZ QUEM TA NA PISTA EH NOIS....! ğŸ”¥ğŸƒğŸ¦‡MAIS UMA EDIÃ‡ÃƒO HISTORICA DA 01 DE BH TLG â¤ï¸ğŸ“¸ğŸ¤ @clandestina031bh  Especial de Halloween contou com muita fantasia foda por parte dos Mc's e do publico, e claro, mt Rima fod#! Confiram os Registros do dia! Drive disponivel pra acesso livre toda quinta feira nos destaques #batalhas do perfil @raw.bene","1732556484","1732556484"
"DCMWuV5xgB0","1","1","https://www.instagram.com/hender_design/p/DCMWuV5xgB0/","Photo shared by Designer GrÃ¡fico on November 10, 2024 tagging @batalhadospredim, and @clandestina031bh. Pode ser um grÃ¡fico de 2 pessoas, pÃ´ster, revista e texto.","1731246416","1","Hoje Ã© aniversÃ¡rio de uma das pessoas mais importantes pro Hip-Hop em BH. Erick Moura Criador da @clandestina031bh e @batalhadospredim. Hoje agradecemos por todo cuidado com a cultura, por fazer a melhor vibe do Brasil. Que essa data venha se repetir inÃºmeras vezes e sempre trazendo o amor do RAP pra nÃ³s!!","1732556484","1732556484"
"DCPEzLOuPLY","2","2","https://www.instagram.com/bp7_bh/p/DCPEzLOuPLY/","Photo by BATALHA DA P7 in PraÃ§a Sete De Setembro. Pode ser uma imagem de pÃ´ster, camisa e texto.","1731337682","1","Ã‰ isso mesmo famÃ­lia, cola geral e avisa que quinta-feira 14/11 vai rolar o esquenta pro Nacional na P7!! .Bate volta, 16mcs individual. Vaga confirmada para 4 MCs do ranking. MCs de fora, outra cidade (fora da regiÃ£o metropolitana) ou outro estado tem vaga confirmada. .PremiaÃ§Ã£o: R$100,00 + vaga confirmada batalha que vai rolar no @_underday .#hiphop #hiphopculture #rap #trap #nacional #duelonacional","1732556654","1732556654"
"DCPGq4lOmX6","1","1","https://www.instagram.com/clandestina031bh/p/DCPGq4lOmX6/","Photo by Batalha Clandestina 031 in Viaduto Santa Tereza with @batalhasdebh, @clandestina031bh, @hender_design, and @clandestina031reserva. Pode ser uma imagem de pÃ´ster e texto.","1731338662","1","SEXTA 18:00 TEM AQUECIMENTO PRO NACIONAL NA @clandestina031bh FAMÃLIA ğŸ”¥ğŸ”¥ğŸ”¥Avisa lÃ¡ que sexta tem bang na 01 com mcs do Brasil inteiro e a melhor vibe das batalhas, cola geral que vai ser lindo! A ideia do aquecimento Ã© dar oportunidade para mcs de fora do estado e conectar com os nossos mcs, o famoso esquenta pro Nacional!Batalha de Trio - BatevoltaComo vai funcionar: teremos alguns trios confirmados com mcs de dentro e fora do estado, serÃ£o 16 trios, totalizando 48 mcs, com vÃ¡rias vagas para sorteio na hora!As vagas de sorteio serÃ£o de prioridade para mcs de fora do estado!Caso nÃ£o complete os 48 mcs, serÃ¡ sorteado entre os mcs que ganharam a @clandestina031bh no ano de 2024, sÃ£o eles: @amimdazn , @mcmh_ofc2 , @dizusmc_jovemnegro , @ligeirinhomc , @roock031_mdc , @geremc_ , CiÃ£o, @sadioyb , @tjmc_031 e @nbabilzetis7 .Caso ainda assim nÃ£o complete os 48 mcs, aÃ­ sim abrimos vaga de sorteio com geral.Teremos show de artista renomado, se preparem!4 jurados âœ…PremiaÃ§Ãµes:3 TrofÃ©u @ballin3dstreetart 3 CopÃ£o @dadosdrinks 3 Folhinha @megbeealves 3 Artes digitais @hender_design 20 reais em dinheiro + 10 de consumaÃ§Ã£o para cada Mc do trio1 Tela do @sany.ink_ Doces da @__alves.gabi__ E muito mais ğŸ”¥â¤ï¸Local: Pista de Skate do Viaduto Santa TerezaCola geral que sexta Ã© dia da melhor do Brasil â¤ï¸â¤ï¸â¤ï¸","1732556484","1732556484"
"DCRr1NfumBF","1","1","https://www.instagram.com/clandestina031bh/p/DCRr1NfumBF/","Photo by Batalha Clandestina 031 in Viaduto Santa Tereza with @realedr_, @novak.original, @oi_guri, @batalhasdebh, @clandestina031bh, @hender_design, and @clandestina031reserva. Pode ser uma imagem de 3 pessoas, pÃ´ster e texto.","1731425255","1","@oi_guri , @novak.original E @realedr_ CONFIRMADOS SEXTA NA 01 DE BH ğŸ”¥ğŸ”¥ğŸ”¥O trio campeÃ£o do aquecimento do ano passado volta mais uma vez pra botar fogo na @clandestina031bh , essa junÃ§Ã£o BH e SP deu muito certo em 2023, e promete entregar tudo nesse ano!Nesta sexta, 18:00, cola geral que o HipHop vai estar mais que ativo no viaduto Santa Tereza ğŸ”¥â¤ï¸ğŸ¦‹ğŸ¦","1732556484","1732556484"
"DCSlYvquPUt","1","1","https://www.instagram.com/clandestina031bh/p/DCSlYvquPUt/","Photo by Batalha Clandestina 031 in Viaduto Santa Tereza with @jovemtay, @mojito_mc, @dubaile01, @batalhasdebh, @hender_design, and @clandestina031reserva. Pode ser uma imagem de 2 pessoas, pÃ´ster, revista e texto.","1731455430","1","@dubaile01 , @jovemtay E @mojito_mc CONFIRMADOS SEXTA NA 01 DE BH ğŸ”¥ğŸ”¥ğŸ”¥ConexÃ£o RS e DF na @clandestina031bh , nesta sexta vai ter freestyle de todo canto do Brasil, sÃ³ mc de alto nÃ­vel!Sexta tem, cola com nÃ³s â¤ï¸","1732556484","1732556484"
"DCU405lyOO8","1","1","https://www.instagram.com/clandestina031bh/p/DCU405lyOO8/","Photo by Batalha Clandestina 031 in Viaduto Santa Tereza with @andrey_mc08, @batalhasdebh, @hender_design, @kaybigmc, and @clandestina031reserva. Pode ser uma imagem de 2 pessoas, pÃ´ster e texto.","1731532731","1","@andrey_mc08 , @kaybigmc E @__lukinhamc CONFIRMADOS SEXTA ğŸ”¥ğŸ”¥ğŸ”¥Os brabos de BH tambÃ©m vÃ£o tÃ¡ com nÃ³s, sÃ³ muleque raro nesse trio, vai pegar fogo!!!Sexta 18:00 cola geral que vai ser o aÃ§o ğŸ”¥â¤ï¸","1732556484","1732556484"
"DCUFQQvuBcR","1","1","https://www.instagram.com/clandestina031bh/p/DCUFQQvuBcR/","Photo by Batalha Clandestina 031 in Viaduto Santa Tereza with @javinoso, @real_dog.nigga, @dyeglock, @batalhasdebh, @hender_design, and @clandestina031reserva. Pode ser uma imagem de 3 pessoas, pÃ´ster, revista e texto.","1731505692","1","@javinoso , @real_dog.nigga E @dyeglock CONFIRMADOS SEXTA ğŸ”¥ğŸ”¥ğŸ”¥Mais um trio interestadual na casa, dessa vez GoiÃ¢nia e Distrito Federal vÃ£o tÃ¡ presente pra amassar geral!!Nesta sexta 18:00 na Pista de Skate do Viaduto Santa Tereza ğŸ”¥â¤ï¸","1732556484","1732556484"
"DCUiJ0dJVB8","1","1","https://www.instagram.com/clandestina031bh/p/DCUiJ0dJVB8/","Photo by Batalha Clandestina 031 in Viaduto Santa Tereza with @cacorap, @euberley, @msbang15, @batalhasdebh, @clandestina031bh, and @clandestina031reserva. Pode ser uma imagem de 3 pessoas, pÃ´ster, camisa, noite e texto.","1731520844","1","@msbang15 , @euberley E @cacorap CONFIRMADOS SEXTA ğŸ”¥ğŸ”¥ğŸ”¥Mais um trio de peso e nesse temos 3 estados diferentes presente, MG, SP e MT na casa!!!Esse aquecimento vai ser o aÃ§o, quem nÃ£o colar, tÃ¡ louco ğŸ”¥â¤ï¸","1732556484","1732556484"
"DCW2STROkUi","2","2","https://www.instagram.com/bp7_bh/p/DCW2STROkUi/","Photo by BATALHA DA P7 in PraÃ§a Sete De Setembro with @sarahbadss, @rappontocom, and @_d7___d7. Pode ser uma imagem de 1 pessoa, pÃ´ster, camisa, noite e texto.","1731598508","1","Hoje na @bp7_bh teremos a honra de receber a artista @sarahbadss e curtir o show da braba!!! Vai ser lindo, isso Ã© @bp7_bh e praÃ§a sete e nÃ³s!! @rappontocom @_d7___d7 .Quem vem com nÃ³s ? #hiphop #rap #hiphopculture","1732556654","1732556654"
"DCW5hPfuCrw","1","1","https://www.instagram.com/clandestina031bh/p/DCW5hPfuCrw/","Photo by Batalha Clandestina 031 in Viaduto Santa Tereza with @thomi3llo, @tonhaomc, @gomessmc, @batalhasdebh, @hender_design, and @clandestina031reserva. Pode ser uma imagem de 3 pessoas, pÃ´ster, noite e texto.","1731600203","1","@tonhaomc , @gomessmc E @thomi3llo CONFIRMADOS AMANHÃƒ NA MAIOR DO BRASIL ğŸ”¥ğŸ”¥ğŸ”¥Mais um trio com 3 estados diferentes, sÃ³ monstro na casa, amanhÃ£ o espetÃ¡culo de rimas Ã© garantido!Amanha tropa, cola geral â¤ï¸","1732556484","1732556484"
"DCWqT6mONHV","1","1","https://www.instagram.com/clandestina031bh/p/DCWqT6mONHV/","Photo by Batalha Clandestina 031 in Viaduto Santa Tereza with @_sarahsampp, @batalhasdebh, @hender_design, and @clandestina031reserva. Pode ser uma imagem de 1 pessoa, pÃ´ster, revista e texto.","1731592230","1","VAI TER SHOW DA @_sarahsampp NO AQUECIMENTO DA 01 ğŸ”¥ğŸ”¥ğŸ”¥A braba vai tÃ¡ presente, uma das minas mais talentosas de BH vem pra mostrar um pouco do seu trabalho na @clandestina031bh , se preparem!!!Ã‰ amanhÃ£, 18:00 na Pista de Skate do Viaduto Santa Tereza, cola geral ğŸ”¥â¤ï¸","1732556484","1732556484"
"DCX0iaRuqRH","1","1","https://www.instagram.com/clandestina031bh/p/DCX0iaRuqRH/","Photo by Batalha Clandestina 031 in Viaduto Santa Tereza with @mineirodazn, @champasma, @ligeirinhomc, @batalhasdebh, @hender_design, and @clandestina031reserva. Pode ser uma imagem de 1 pessoa, camisa, pÃ´ster e texto.","1731631146","1","@ligeirinhomc , @champasma E @mineirodazn CONFIRMADOS AMANHÃƒ ğŸ”¥ğŸ”¥ğŸ”¥As joias de MG vÃ£o tÃ¡ na casa, quem conhece sabe que esse trio sÃ³ tem monstro, e eles vÃ£o tÃ¡ presente pra movimentar a 01 de BH!!!AmanhÃ£ Ã¡s 18:00 na pista de skate do Viaduto Santa Tereza ğŸ”¥â¤ï¸","1732556484","1732556484"
"DCXHkZnp0ya","1","1","https://www.instagram.com/clandestina031bh/p/DCXHkZnp0ya/","Photo by Batalha Clandestina 031 in Viaduto Santa Tereza with @_padilhamac, @_alinemc_, @ajapamc_1, @batalhasdebh, @hender_design, and @clandestina031reserva. Pode ser uma imagem de 3 pessoas, pÃ´ster, camisa e texto.","1731607569","1","@_padilhamac , @_alinemc_ E @ajapamc_1 CONFIRMADAS AMANHÃƒ ğŸ”¥ğŸ”¥ğŸ”¥As minas do DF chegaram em peso em BH famÃ­lia, Padilha, Aline e Japa vem pra amassar geral no aquecimento pro nacional da 01 de BH, isso vai ser o fluxo!!!Ã‰ amanhÃ£, se vocÃª nÃ£o for, sÃ³ vocÃª nÃ£o vai ğŸ”¥â¤ï¸ğŸš€","1732556484","1732556484"
"DCXYi3tSkTC","1","1","https://www.instagram.com/clandestina031bh/p/DCXYi3tSkTC/","Photo by Batalha Clandestina 031 in Viaduto Santa Tereza with @bpoetico, @dozibala_, @batalhasdebh, @hender_design, @julietzzz_, and @clandestina031reserva. Pode ser uma imagem de 3 pessoas, camisa, pÃ´ster, noite e texto.","1731616469","1","@dozibala_ , @bpoetico E @julietzzz_ CONFIRMADOS AMANHÃƒ ğŸ”¥ğŸ”¥ğŸ”¥Os brabos da 01 tambÃ©m vÃ£o tÃ¡ pra representar a casa, aqui tem mais tÃ­tulos da Clandestina mato na floresta hehe!TÃ¡ chegando a hora, amanhÃ£ vai ser histÃ³rico, saibam disso!!!","1732556484","1732556484"
"DCX_UlCuOqv","1","1","https://www.instagram.com/clandestina031bh/p/DCX_UlCuOqv/","Photo by Batalha Clandestina 031 in Viaduto Santa Tereza with @markinhozn1, @ngdarinha, @batalhasdebh, @dini.grito, and @clandestina031reserva. Pode ser uma imagem de 3 pessoas, pÃ´ster e texto.","1731636800","1","@dini.grito , @markinhozn1 E @ngdarinha CONFIRMADOS AMANHÃƒ ğŸ”¥â¤ï¸Mais um trio de 3 estados diferentes, esse vai ser a maior batalha interestadual de MG, BH Ã© nÃ³s!!!Aquecimento Ã© na 01 de BH ğŸš€â¤ï¸","1732556484","1732556484"
"DCZM69Nui3r","1","1","https://www.instagram.com/clandestina031bh/p/DCZM69Nui3r/","Photo by Batalha Clandestina 031 in Viaduto Santa Tereza with @batalhasdebh, @hender_design, and @clandestina031reserva. Pode ser uma imagem de pÃ´ster, revista, noite e texto.","1731677484","1","HOJE TEM AQUECIMENTO PRO NACIONAL NA @clandestina031bh ğŸ”¥ğŸ”¥ğŸ”¥Ãs 18:00 estaremos lÃ¡, cheguem cedo que vamos comeÃ§ar o mais breve possÃ­vel!InscriÃ§Ãµes atÃ© 19:00 no mÃ¡ximo!Batalha de trio!Trios confirmados: @oi_guri , @novak.original e @realedr_ , @tonhaomc , @gomessmc e @thomi3llo , @champasma , @mineirodazn e @ligeirinhomc , @dozibala_ , @julietzzz_ e @dozibala_ , @markinhozn1 , @ngdarinha e @dini.grito , @euberley , @cacorap e @msbang15 , @joaozinjg_ , @helomc_07 e @nobert_90 , @_padilhamac , @ajapamc_1 e mais uma, @fonseca.zo , @drizzy.sknj e @ikemcoficial , @andrey_mc08 , @kaybigmc e @lukinhamc_ , @javinoso , @real_dog.nigga e @dyeglock e @dubaile01 , @jovemtay e @mojito_mc !Pocket Show: @_sarahsampp Jurados: @iga0_f e @_rtfreestyle @dj__paulin na casa!PremiaÃ§Ãµes: 3 TrofÃ©u @ballin3dstreetart 3 CopÃ£o @dadosdrinks 3 Folhinha @megbeealves 3 Artes digitais @hender_design 20 reais em dinheiro + 10 de consumaÃ§Ã£o para cada Mc do trio1 Tela do @sany.ink_ Doces da @__alves.gabi__ 3 Kits @piconortebh Local: Pista de Skate do Viaduto Santa TerezaCola geral que hoje Ã© o dia ğŸ”¥â¤ï¸ğŸš€","1732556484","1732556484"
"DCZXHxap2QV","1","1","https://www.instagram.com/clandestina031bh/p/DCZXHxap2QV/","Photo by Batalha Clandestina 031 in Viaduto Santa Tereza with @jayaluuckzin, @alvaflex, @mikezin, @batalhasdebh, @hender_design, and @clandestina031reserva. Nenhuma descriÃ§Ã£o de foto disponÃ­vel..","1731682832","1","@mikezin , @jayaluuckzin E @alvaflex CONFIRMADOS HOJE NA 01 DE BH ğŸ”¥ğŸ”¥ğŸ”¥Os astros da cena vÃ£o tÃ¡ na casa, avisa lÃ¡ que esse trio vem pra quebrar tudo hoje no aquecimento, se vocÃª nÃ£o for, sÃ³ vocÃª nÃ£o vai!!!Todos os caminhos te levam Ã¡ um sÃ³ lugar hoje, cola geral no viaduto Santa Tereza 18:00 ğŸ”¥â¤ï¸ğŸš€","1732556484","1732556484"
"DCcRAUlJXba","1","1","https://www.instagram.com/clandestina031bh/p/DCcRAUlJXba/","Photo shared by Batalha Clandestina 031 on November 16, 2024 tagging @megbeealves, @bpoetico, @dozibala_, @batalhasdebh, @julietzzz_, @organiccomp, @ballin3dstreetart, and @clandestina031reserva. Pode ser uma imagem de 3 pessoas, pÃ´ster e texto.","1731780289","2","@bpoetico , @dozibala_ E @julietzzz_ CAMPEÃ•ES DA @clandestina031bh AQUECIMENTO PRO NACIONAL ğŸ”¥ğŸ”¥ğŸ”¥EdiÃ§Ã£o histÃ³rica na noite de ontem famÃ­lia, a melhor ediÃ§Ã£o do ano teve a presenÃ§a do Brasil inteiro para assistir de perto, sÃ³ temos Ã¡ agradecer cada pessoa que colou e fez a vibe, os mcs, geral, isso Ã© Clandestina, Ã© a melhor vibe do Brasil!!!@bpoetico , @dozibala_ e @julietzzz_ rimaram demais e se consagraram campeÃµes numa final acirrada contra os gigantes @realedr_ , @oi_guri e @novak.original , batalha foda! @bpoetico , @dozibala_ e @julietzzz_ levaram pra casa 3 trofÃ©us @ballin3dstreetart , , 3 camisas @organiccomp , 3 folhinhas @megbeealves , 20 reais mais 10 de consumaÃ§Ã£o para cada Mc do trio na @beerloverheadshop , 1 Camisa do @sany.ink_ , 3 Artes Digitais @hender_design , doces da @__alves.gabi__ e mais 3 copÃ£o @dadosdrinks , saÃ­ram pesados da 01 de BH, merecidÃ­ssimo!SÃ³ forÃ§a geral, Ã© a 01, BH Ã‰ NÃ“S â¤ï¸â¤ï¸â¤ï¸","1732556484","1732556484"
"DCcoG__yZv_","3","3","https://www.instagram.com/batalhadafex_/p/DCcoG__yZv_/","Photo shared by BATALHA DA FEX on November 16, 2024 tagging @galvez_mc, @ynf_kane, @luazin.___, @eubrumm, @_jeef.f, @nutrilhar, and @x1_dudamc. Pode ser uma imagem de 9 pessoas.","1731792696","1","ANTES TARDE DO QUE AINDA MAIS TARDE ğŸ˜‚ğŸ”¥JÃ¡ passou um tempinho desde a Ãºltima ediÃ§Ã£o, mas nn poderÃ­amos deixar passar esse registro lindo de uma ediÃ§Ã£o mÃ¡gica !!!@galvez_mc diretamente da ZL chegou e deu um show, fez uma final incrÃ­vel contra a @x1_dudamc e saiu como campeÃ£o da nossa Ãºltima ediÃ§Ã£o !!!GratidÃ£o a todos , perdÃ£o pelo atraso da postagem e fiquem ligados aqui pra nÃ£o perderem as nossas movimentaÃ§Ãµes ğŸ”¥","1732557051","1732557051"
"DCjzcEKOGBK","2","2","https://www.instagram.com/bp7_bh/p/DCjzcEKOGBK/","Photo by BATALHA DA P7 in PraÃ§a 7 with @rappontocom, @wad_vanced, and @indinmc_ofc. Pode ser uma imagem de 6 pessoas, pÃ´ster e texto.","1732033223","1","Na Ãºltima ediÃ§Ã£o da batalha da P7, ediÃ§Ã£o de esquenta pro Nacional, @wad_vanced e @indinmc_ofc foram os grandes campeÃµes!! .GratidÃ£o a todos presentes, foi foda, foi lindo!! .#hiphop #hiphopculture","1732556654","1732556654"
"DCkTyL2SkcN","1","1","https://www.instagram.com/clandestina031bh/p/DCkTyL2SkcN/","Photo shared by Batalha Clandestina 031 on November 19, 2024 tagging @bob13oficial. Pode ser uma imagem de 3 pessoas, saxofone, multidÃ£o e show.","1732050181","10","O AQUECIMENTO NA 01 DE BH FOI UM ESPETÃCULO ğŸ”¥â¤ï¸ğŸ“¸: @lualuhh_","1732556484","1732556484"
"DCrY11yuBhE","1","1","https://www.instagram.com/clandestina031bh/p/DCrY11yuBhE/","Photo shared by Batalha Clandestina 031 on November 22, 2024 tagging @batalhasdebh, @clandestina031bh, and @clandestina031reserva. Pode ser uma imagem de 1 pessoa e multidÃ£o.","1732287714","14","DIZ QUEM TÃ NA PISTA Ã‰ NÃ“S â¤ï¸â¤ï¸â¤ï¸ğŸ“¸: @raw.bene / @soulbene","1732556484","1732556484"